src_port,dst_port,protocol,ip_version,bidirectional_duration_ms,bidirectional_packets,bidirectional_bytes,src2dst_first_seen_ms,src2dst_last_seen_ms,src2dst_duration_ms,src2dst_packets,src2dst_bytes,dst2src_duration_ms,dst2src_packets,dst2src_bytes,bidirectional_min_ps,bidirectional_mean_ps,bidirectional_stddev_ps,bidirectional_max_ps,src2dst_min_ps,src2dst_mean_ps,src2dst_stddev_ps,src2dst_max_ps,dst2src_min_ps,dst2src_mean_ps,dst2src_stddev_ps,dst2src_max_ps,bidirectional_min_piat_ms,bidirectional_mean_piat_ms,bidirectional_stddev_piat_ms,bidirectional_max_piat_ms,src2dst_min_piat_ms,src2dst_mean_piat_ms,src2dst_stddev_piat_ms,src2dst_max_piat_ms,dst2src_min_piat_ms,dst2src_mean_piat_ms,dst2src_stddev_piat_ms,dst2src_max_piat_ms,bidirectional_syn_packets,bidirectional_cwr_packets,bidirectional_ece_packets,bidirectional_urg_packets,bidirectional_ack_packets,bidirectional_psh_packets,bidirectional_rst_packets,bidirectional_fin_packets,src2dst_syn_packets,src2dst_ack_packets,src2dst_psh_packets,src2dst_rst_packets,src2dst_fin_packets,dst2src_syn_packets,dst2src_ack_packets,dst2src_psh_packets,dst2src_rst_packets,dst2src_fin_packets
53035,443,6,4,394,11,710,1744233489464,1744233489858,394,6,385,235,5,325,60,6.454.545.454.545.450,10.112.997.936.948.600,85,60,6.416.666.666.666.660,10.206.207.261.596.500,85,60,65.0,11.180.339.887.498.900,85,0,39.4,6.708.071.423.458.620,159,0,78.8,11.084.087.693.626.300,235,0,58.75,11.683.428.435.181.100,234,0,0,0,0,9,2,3,2,0,4,1,3,1,0,5,1,0,1
53101,53,6,4,15,9,662,1744233489623,1744233489638,15,5,333,14,4,329,60,7.355.555.555.555.550,27.468.669.020.864.000,143,60,66.6,11.696.153.213.770.700,87,60,82.25,4.059.864.529.759.580,143,0,18.750.000.000.000.000,3.758.324.094.593.220,11,0,37.500.000.000.000.000,5.560.275.772.537.420,12,1,4.666.666.666.666.660,5.507.570.547.286.100,11,2,0,0,0,8,2,0,2,1,4,1,0,1,1,4,1,0,1
53102,53,6,4,16,11,756,1744233489623,1744233489639,16,6,391,15,5,365,60,6.872.727.272.727.270,18.276.164.308.141.400,119,60,6.516.666.666.666.660,10.008.329.864.001.600,85,60,73.0,2.584.569.596.664.010,119,0,15.999.999.999.999.900,4.033.195.589.934.440,13,0,3.2,5.495.452.665.613.630,13,0,3.75,618.465.843.842.649,13,2,0,0,0,10,3,0,2,1,5,2,0,1,1,5,1,0,1
53103,53,6,4,20,11,885,1744233489623,1744233489643,20,6,391,19,5,494,60,8.045.454.545.454.540,5.607.024.814.705.850,248,60,6.516.666.666.666.660,10.008.329.864.001.600,85,60,98.8,834.457.907.865.939,248,0,2.0,5.291.502.622.129.180,17,0,4.0,784.219.357.067.906,18,0,4.75,8.180.260.794.538.680,17,2,0,0,0,10,3,0,2,1,5,2,0,1,1,5,1,0,1
0,0,58,6,0,1,150,1744233495410,1744233495410,0,1,150,0,0,0,150,150.0,0.0,150,150,150.0,0.0,150,0,0.0,0.0,0,0,0.0,0.0,0,0,0.0,0.0,0,0,0.0,0.0,0,0,0,0,0,0,0,0,0,0,0,0,0,0,0,0,0,0,0
53050,443,6,4,161,2,120,1744233497465,1744233497465,0,1,60,0,1,60,60,60.0,0.0,60,60,60.0,0.0,60,60,60.0,0.0,60,161,161.0,0.0,161,0,0.0,0.0,0,0,0.0,0.0,0,0,0,0,0,2,0,0,0,0,1,0,0,0,0,1,0,0,0
53063,443,6,6,7,7,2105,1744233506122,1744233506129,7,4,421,5,3,1684,74,3.007.142.857.142.850,34.596.325.155.798.100,805,74,105.25,4.207.433.897.282.280,163,74,5.613.333.333.333.330,42.204.304.677.761.600,805,0,11.666.666.666.666.600,20.412.414.523.193.100,5,0,2.333.333.333.333.330,4.041.451.884.327.380,7,0,2.5,35.355.339.059.327.300,5,0,0,0,0,7,4,0,0,0,4,2,0,0,0,3,2,0,0
36373,1900,17,4,780,4,698,1744233509137,1744233509917,780,4,698,0,0,0,174,174.5,5.773.502.691.896.210,175,174,174.5,5.773.502.691.896.210,175,0,0.0,0.0,0,259,260.0,1.0,261,259,260.0,1.0,261,0,0.0,0.0,0,0,0,0,0,0,0,0,0,0,0,0,0,0,0,0,0,0,0
64990,53,17,6,6,2,433,1744233492418,1744233492418,0,1,96,0,1,337,96,216.5,17.041.273.426.595.700,337,96,96.0,0.0,96,337,337.0,0.0,337,6,6.0,0.0,6,0,0.0,0.0,0,0,0.0,0.0,0,0,0,0,0,0,0,0,0,0,0,0,0,0,0,0,0,0,0
51544,53,17,6,7,2,366,1744233492418,1744233492418,0,1,96,0,1,270,96,183.0,12.303.657.992.645.900,270,96,96.0,0.0,96,270,270.0,0.0,270,7,7.0,0.0,7,0,0.0,0.0,0,0,0.0,0.0,0,0,0,0,0,0,0,0,0,0,0,0,0,0,0,0,0,0,0
60872,53,17,6,6,2,376,1744233493114,1744233493114,0,1,125,0,1,251,125,188.0,8.909.545.442.950.490,251,125,125.0,0.0,125,251,251.0,0.0,251,6,6.0,0.0,6,0,0.0,0.0,0,0,0.0,0.0,0,0,0,0,0,0,0,0,0,0,0,0,0,0,0,0,0,0,0
59939,53,17,6,7,2,306,1744233493114,1744233493114,0,1,125,0,1,181,125,153.0,3.959.797.974.644.660,181,125,125.0,0.0,125,181,181.0,0.0,181,7,7.0,0.0,7,0,0.0,0.0,0,0,0.0,0.0,0,0,0,0,0,0,0,0,0,0,0,0,0,0,0,0,0,0,0
53431,53,17,6,7,2,341,1744233523844,1744233523844,0,1,110,0,1,231,110,170.5,8.555.992.052.357.220,231,110,110.0,0.0,110,231,231.0,0.0,231,7,7.0,0.0,7,0,0.0,0.0,0,0,0.0,0.0,0,0,0,0,0,0,0,0,0,0,0,0,0,0,0,0,0,0,0
53425,53,17,6,6,2,386,1744233523844,1744233523844,0,1,110,0,1,276,110,193.0,11.737.972.567.696.600,276,110,110.0,0.0,110,276,276.0,0.0,276,6,6.0,0.0,6,0,0.0,0.0,0,0,0.0,0.0,0,0,0,0,0,0,0,0,0,0,0,0,0,0,0,0,0,0,0
0,0,58,6,1994,3,258,1744233492909,1744233494903,1994,3,258,0,0,0,86,86.0,0.0,86,86,86.0,0.0,86,0,0.0,0.0,0,993,997.0,5.656.854.249.492.380,1001,993,997.0,5.656.854.249.492.380,1001,0,0.0,0.0,0,0,0,0,0,0,0,0,0,0,0,0,0,0,0,0,0,0,0
53078,443,6,4,215,2,126,1744233545948,1744233545948,0,1,60,0,1,66,60,63.0,4.242.640.687.119.280,66,60,60.0,0.0,60,66,66.0,0.0,66,215,215.0,0.0,215,0,0.0,0.0,0,0,0.0,0.0,0,0,0,0,0,2,0,0,0,0,1,0,0,0,0,1,0,0,0
53111,443,6,4,566,15,10271,1744233496177,1744233496743,566,10,2957,380,5,7314,60,6.847.333.333.333.330,16.316.836.819.969.800,6457,60,29.570.000.000.000.000,3.911.612.483.646.890,1182,60,14.627.999.999.999.900,2.799.821.905.050.390,6457,0,4.042.857.142.857.140,7.837.063.253.512.780,187,0,62.888.888.888.888.800,916.084.663.724.435,187,0,95.0,10.854.492.157.627.600,189,2,0,0,0,14,7,0,0,1,9,4,0,0,1,5,3,0,0
53106,443,6,4,721,12,12827,1744233492426,1744233493147,721,7,2721,513,5,10106,60,10.689.166.666.666.600,25.802.092.747.517.800,9042,60,3.887.142.857.142.850,7.544.255.462.018.130,2093,60,2021.2,39.384.129.671.734.500,9042,0,6.554.545.454.545.450,812.174.410.288.377,168,1,12.016.666.666.666.600,9.318.029.119.221.860,213,7,128.25,8.084.295.475.385.180,170,2,0,0,0,11,6,0,0,1,6,3,0,0,1,5,3,0,0
36373,1900,17,4,781,4,698,1744233570211,1744233570992,781,4,698,0,0,0,174,174.5,5.773.502.691.896.210,175,174,174.5,5.773.502.691.896.210,175,0,0.0,0.0,0,260,2.603.333.333.333.330,5.773.502.691.896.210,261,260,2.603.333.333.333.330,5.773.502.691.896.210,261,0,0.0,0.0,0,0,0,0,0,0,0,0,0,0,0,0,0,0,0,0,0,0,0
53112,443,6,4,503,16,9590,1744233523852,1744233524355,503,10,2222,342,6,7368,60,5.993.749.999.999.990,11.393.814.038.035.400,4290,60,22.220.000.000.000.000,3.379.851.410.277.610,1051,60,1228.0,17.117.895.898.737.000,4290,0,3.353.333.333.333.330,6.739.951.956.872.710,169,0,55.888.888.888.888.800,8.089.568.042.306.770,169,0,68.4,9.276.206.121.038.920,172,2,0,0,0,15,6,0,0,1,9,3,0,0,1,6,3,0,0
53136,80,6,6,69,7,1032,1744233584288,1744233584357,69,4,535,16,3,497,74,14.742.857.142.857.100,11.778.774.291.475.400,337,74,133.75,11.164.340.553.745.200,301,74,16.566.666.666.666.600,14.850.028.058.334.800,337,0,11.5,15.332.971.010.211.900,40,2,23.0,2.740.437.921.208.940,54,0,8.0,11.313.708.498.984.700,16,2,0,0,0,6,2,0,0,1,3,1,0,0,1,3,1,0,0
53138,80,6,6,71,7,1047,1744233584393,1744233584464,71,4,547,18,3,500,74,14.957.142.857.142.800,12.123.511.199.711.200,340,74,136.75,11.763.609.140.055.600,313,74,16.666.666.666.666.600,15.023.093.334.374.600,340,0,11.833.333.333.333.300,150.521.316.319.871,40,2,23.666.666.666.666.600,2.853.652.630.109.930,56,2,9.0,9.899.494.936.611.660,16,2,0,0,0,6,2,0,0,1,3,1,0,0,1,3,1,0,0
53135,80,6,6,801,13,2257,1744233584246,1744233585047,801,8,1206,752,5,1051,74,1.736.153.846.153.840,10.850.386.971.711.900,297,74,150.75,10.269.476.269.856.300,276,74,210.2,11.893.149.288.561.000,297,0,66.75,14.456.462.851.673.500,512,3,11.442.857.142.857.100,1.798.785.304.428.670,512,0,188.0,26.202.162.760.606.800,562,2,0,0,0,12,6,0,0,1,7,3,0,0,1,5,3,0,0
53137,80,6,6,71,7,1032,1744233584334,1744233584405,71,4,535,16,3,497,74,14.742.857.142.857.100,11.778.774.291.475.400,337,74,133.75,11.164.340.553.745.200,301,74,16.566.666.666.666.600,14.850.028.058.334.800,337,0,11.833.333.333.333.300,15.587.388.064.286.600,41,3,23.666.666.666.666.600,26.839.026.311.200.800,54,0,8.0,11.313.708.498.984.700,16,2,0,0,0,6,2,0,0,1,3,1,0,0,1,3,1,0,0
5353,5353,17,4,757,6,1615,1744233530763,1744233531520,757,6,1615,0,0,0,93,2.691.666.666.666.660,19.674.187.827.370.800,507,93,2.691.666.666.666.660,19.674.187.827.370.800,507,0,0.0,0.0,0,1,151.4,13.684.224.493.919.900,252,1,151.4,13.684.224.493.919.900,252,0,0.0,0.0,0,0,0,0,0,0,0,0,0,0,0,0,0,0,0,0,0,0,0
5353,5353,17,6,756,6,1735,1744233530764,1744233531520,756,6,1735,0,0,0,113,2.891.666.666.666.660,19.674.187.827.370.800,527,113,2.891.666.666.666.660,19.674.187.827.370.800,527,0,0.0,0.0,0,1,151.2,13.711.382.133.103.800,252,1,151.2,13.711.382.133.103.800,252,0,0.0,0.0,0,0,0,0,0,0,0,0,0,0,0,0,0,0,0,0,0,0,0
53107,443,6,4,1025,44,91059,1744233493122,1744233494147,1025,12,81149,822,32,9910,60,2.069.522.727.272.720,5.651.314.720.420.270,26556,60,6.762.416.666.666.660,9.453.400.402.725.060,26556,60,3.096.875,9.313.213.449.613.640,4290,0,23.837.209.302.325.500,5.651.124.213.167.380,163,0,9.318.181.818.181.810,8.906.269.497.586.310,208,0,26.516.129.032.258.000,60.859.877.843.968.700,166,2,0,0,0,43,9,0,0,1,11,6,0,0,1,32,3,0,0
0,0,58,6,1999,3,258,1744233595389,1744233597388,1999,3,258,0,0,0,86,86.0,0.0,86,86,86.0,0.0,86,0,0.0,0.0,0,999,999.5,7.071.067.811.865.470,1000,999,999.5,7.071.067.811.865.470,1000,0,0.0,0.0,0,0,0,0,0,0,0,0,0,0,0,0,0,0,0,0,0,0,0
53034,443,6,4,119153,65,9003,1744233489699,1744233608852,119153,31,4010,118994,34,4993,60,13.850.769.230.769.200,7.879.842.223.137.360,354,60,1.293.548.387.096.770,6.662.009.125.736.600,311,60,14.685.294.117.647.000,886.389.107.911.354,354,0,18.617.656.250.000.000,7.338.013.473.539.490,36687,0,39.717.666.666.666.600,10.407.083.733.699.300,36687,0,36.058.787.878.787.800,1.003.557.589.203.770,36847,0,0,0,0,65,44,0,0,0,31,20,0,0,0,34,24,0,0
53134,443,6,6,57,23,3876,1744233550142,1744233550157,15,13,2092,54,10,1784,74,1.685.217.391.304.340,1.707.975.594.793.750,745,74,16.092.307.692.307.600,19.096.311.229.242.700,745,74,178.4,14.998.162.850.459.000,548,0,2.590.909.090.909.090,8.883.688.052.825.430,42,0,1.25,14.222.261.679.238.100,4,0,6.0,13.720.422.734.012.200,42,2,0,0,0,22,11,0,0,1,12,5,0,0,1,10,6,0,0
53063,443,6,6,14,8,3432,1744233566155,1744233566169,14,4,408,7,4,3024,74,42.899.999.999.999.900,3.569.249.621.018.800,846,74,102.0,3.622.154.055.254.960,150,666,756.0,10.392.304.845.413.200,846,0,19.999.999.999.999.900,3.415.650.255.319.860,7,0,4.666.666.666.666.660,4.041.451.884.327.380,7,0,2.333.333.333.333.330,4.041.451.884.327.380,7,0,0,0,0,8,6,0,0,0,4,2,0,0,0,4,4,0,0
53431,53,17,6,19,2,303,1744233584373,1744233584373,0,1,97,0,1,206,97,151.5,7.707.463.914.933.360,206,97,97.0,0.0,97,206,206.0,0.0,206,19,19.0,0.0,19,0,0.0,0.0,0,0,0.0,0.0,0,0,0,0,0,0,0,0,0,0,0,0,0,0,0,0,0,0,0
53425,53,17,6,19,2,327,1744233584373,1744233584373,0,1,97,0,1,230,97,163.5,9.404.520.189.781.080,230,97,97.0,0.0,97,230,230.0,0.0,230,19,19.0,0.0,19,0,0.0,0.0,0,0,0.0,0.0,0,0,0,0,0,0,0,0,0,0,0,0,0,0,0,0,0,0,0
55850,53,17,6,228,4,663,1744233584234,1744233584453,219,2,193,220,2,470,90,165.75,10.442.660.899.726.000,317,90,96.5,9.192.388.155.425.110,103,153,235.0,11.596.551.211.459.300,317,8,76.0,11.691.449.867.317.500,211,219,219.0,0.0,219,220,220.0,0.0,220,0,0,0,0,0,0,0,0,0,0,0,0,0,0,0,0,0,0
64578,53,17,6,228,4,675,1744233584234,1744233584453,219,2,193,219,2,482,90,168.75,11.685.425.395.194.900,341,90,96.5,9.192.388.155.425.110,103,141,241.0,1.414.213.562.373.090,341,9,76.0,11.604.740.410.711.400,210,219,219.0,0.0,219,219,219.0,0.0,219,0,0,0,0,0,0,0,0,0,0,0,0,0,0,0,0,0,0
36373,1900,17,4,779,4,698,1744233631287,1744233632066,779,4,698,0,0,0,174,174.5,5.773.502.691.896.210,175,174,174.5,5.773.502.691.896.210,175,0,0.0,0.0,0,259,2.596.666.666.666.660,11.547.005.383.792.500,261,259,2.596.666.666.666.660,11.547.005.383.792.500,261,0,0.0,0.0,0,0,0,0,0,0,0,0,0,0,0,0,0,0,0,0,0,0,0
53145,443,6,6,359,17,3886,1744233613481,1744233613840,359,9,2831,222,8,1055,74,22.858.823.529.411.700,2.367.216.347.378.100,754,74,31.455.555.555.555.500,29.517.584.213.105.500,754,74,131.875,9.120.062.264.825.040,299,0,224.375,34.731.289.927.096,126,5,44.875,5.489.063.802.559.720,136,0,31.714.285.714.285.700,33.658.650.625.132.900,89,2,0,0,0,16,7,0,0,1,8,4,0,0,1,8,3,0,0
53148,443,6,6,94,21,3184,1744233676162,1744233676204,42,11,1795,82,10,1389,74,15.161.904.761.904.700,1.466.746.318.183.460,732,74,1.631.818.181.818.180,19.379.722.298.413.700,732,74,138.9,7.572.384.036.748.260,286,0,4.7,1.182.370.500.308.590,52,0,4.2,5.159.672.685.570.490,12,0,911.111.111.111.111,17.171.520.349.436.400,52,2,0,0,0,20,11,0,0,1,10,5,0,0,1,10,6,0,0
53152,443,6,6,113,20,3110,1744233676162,1744233676219,57,10,1721,96,10,1389,74,155.5,1.493.746.614.178.060,732,74,172.1,2.018.869.045.337.560,732,74,138.9,7.572.384.036.748.260,286,0,5.947.368.421.052.630,13.447.319.783.389,56,0,6.333.333.333.333.330,7.842.193.570.679.060,17,0,10.666.666.666.666.600,1.909.188.309.203.670,57,2,0,0,0,19,11,0,0,1,9,5,0,0,1,10,6,0,0
64990,53,17,6,228,4,567,1744233584276,1744233584498,222,2,191,217,2,376,94,141.75,5.416.871.790.987.850,199,94,95.5,21.213.203.435.596.400,97,177,188.0,15.556.349.186.104.000,199,6,76.0,116.940.155.635.265,211,222,222.0,0.0,222,217,217.0,0.0,217,0,0,0,0,0,0,0,0,0,0,0,0,0,0,0,0,0,0
51544,53,17,6,231,4,562,1744233584276,1744233584498,222,2,191,220,2,371,94,140.5,6.789.452.604.346.440,239,94,95.5,21.213.203.435.596.400,97,132,185.5,7.566.042.558.696.050,239,9,77.0,11.605.171.261.123.200,211,222,222.0,0.0,222,220,220.0,0.0,220,0,0,0,0,0,0,0,0,0,0,0,0,0,0,0,0,0,0
53034,443,6,4,23449,9,1033,1744233668883,1744233692332,23449,4,439,23290,5,594,60,11.477.777.777.777.700,8.421.219.890.517.310,305,60,109.75,61.678.602.448.499.100,187,60,118.8,10.622.946.860.452.600,305,0,2.931.125,8.161.893.275.416.290,23130,0,7.816.333.333.333.330,13.399.961.206.411.500,23289,0,5822.5,11.644.333.342.875.400,23289,0,0,0,0,9,4,0,0,0,4,2,0,0,0,5,2,0,0
36373,1900,17,4,779,4,698,1744233692362,1744233693141,779,4,698,0,0,0,174,174.5,5.773.502.691.896.210,175,174,174.5,5.773.502.691.896.210,175,0,0.0,0.0,0,259,2.596.666.666.666.660,11.547.005.383.792.500,261,259,2.596.666.666.666.660,11.547.005.383.792.500,261,0,0.0,0.0,0,0,0,0,0,0,0,0,0,0,0,0,0,0,0,0,0,0,0
0,0,58,6,36408,15,1290,1744233552718,1744233589126,36408,15,1290,0,0,0,86,86.0,0.0,86,86,86.0,0.0,86,0,0.0,0.0,0,991,26.005.714.285.714.200,37.476.065.328.786.400,14400,991,26.005.714.285.714.200,37.476.065.328.786.400,14400,0,0.0,0.0,0,0,0,0,0,0,0,0,0,0,0,0,0,0,0,0,0,0,0
5353,5353,17,4,761,6,1615,1744233651583,1744233652344,761,6,1615,0,0,0,93,2.691.666.666.666.660,19.674.187.827.370.800,507,93,2.691.666.666.666.660,19.674.187.827.370.800,507,0,0.0,0.0,0,1,152.2,1.366.608.941.870.350,252,1,152.2,1.366.608.941.870.350,252,0,0.0,0.0,0,0,0,0,0,0,0,0,0,0,0,0,0,0,0,0,0,0,0
5353,5353,17,6,760,6,1735,1744233651585,1744233652345,760,6,1735,0,0,0,113,2.891.666.666.666.660,19.674.187.827.370.800,527,113,2.891.666.666.666.660,19.674.187.827.370.800,527,0,0.0,0.0,0,1,152.0,13.693.246.510.597.800,252,1,152.0,13.693.246.510.597.800,252,0,0.0,0.0,0,0,0,0,0,0,0,0,0,0,0,0,0,0,0,0,0,0,0
5353,5353,17,4,49232,3,2313,1744233503115,1744233552347,49232,3,2313,0,0,0,771,771.0,0.0,771,771,771.0,0.0,771,0,0.0,0.0,0,9239,24616.0,21.746.361.948.611.000,39993,9239,24616.0,21.746.361.948.611.000,39993,0,0.0,0.0,0,0,0,0,0,0,0,0,0,0,0,0,0,0,0,0,0,0,0
5353,5353,17,6,49232,3,2373,1744233503115,1744233552347,49232,3,2373,0,0,0,791,791.0,0.0,791,791,791.0,0.0,791,0,0.0,0.0,0,9239,24616.0,21.746.361.948.611.000,39993,9239,24616.0,21.746.361.948.611.000,39993,0,0.0,0.0,0,0,0,0,0,0,0,0,0,0,0,0,0,0,0,0,0,0,0
443,50212,6,6,193,3,723,1744233549564,1744233549757,193,2,515,0,1,208,74,241.0,1.857.121.428.447.800,441,74,257.5,25.950.818.869.546.200,441,208,208.0,0.0,208,3,96.5,13.222.896.808.188.400,190,193,193.0,0.0,193,0,0.0,0.0,0,0,0,0,0,3,2,0,0,0,2,1,0,0,0,1,1,0,0
53150,443,6,6,17,22,3308,1744233676162,1744233676179,17,11,1811,13,11,1497,74,15.036.363.636.363.600,1.465.633.441.649.500,745,74,16.463.636.363.636.300,19.768.625.279.835.300,745,74,1.360.909.090.909.090,747.107.148.211.748,286,0,8.095.238.095.238.090,12.891.488.517.253.300,4,0,1.7,14.181.364.924.121.700,4,0,1.3,2.213.594.362.117.860,6,2,0,0,0,21,12,0,0,1,10,5,0,0,1,11,7,0,0
53149,443,6,6,67,22,3305,1744233676162,1744233676184,22,11,1808,61,11,1497,74,1.502.272.727.272.720,14.650.367.517.515.300,745,74,16.436.363.636.363.600,19.761.491.478.492.800,745,74,1.360.909.090.909.090,747.107.148.211.748,286,0,31.904.761.904.761.900,9.796.014.738.754.970,45,0,22.000.000.000.000.000,2.573.367.875.415.830,6,0,61.000.000.000.000.000,14.379.383.389.654.300,46,2,0,0,0,21,12,0,0,1,10,5,0,0,1,11,7,0,0
53151,443,6,6,61,30,4570,1744233676162,1744233676223,61,17,2438,58,13,2132,74,15.233.333.333.333.300,1.455.771.707.503.550,745,74,14.341.176.470.588.200,1.644.586.037.668.480,745,74,164.0,12.203.824.537.141.300,503,0,210.344.827.586.207,73.743.998.670.410.300,40,0,38.125.000.000.000.000,9.744.870.445.521.580,40,0,4.833.333.333.333.330,12.253.632.732.847.600,43,2,0,0,0,29,15,0,0,1,16,6,0,0,1,13,9,0,0
59939,53,17,6,29147,4,642,1744233584326,1744233613465,29139,2,195,29140,2,447,94,160.5,7.389.406.832.306.180,239,94,97.5,4.949.747.468.305.830,101,208,223.5,21.920.310.216.782.900,239,7,9.715.666.666.666.660,16.815.037.922.447.000,29132,29139,29139.0,0.0,29139,29140,29140.0,0.0,29140,0,0,0,0,0,0,0,0,0,0,0,0,0,0,0,0,0,0
60872,53,17,6,29154,4,762,1744233584326,1744233613465,29139,2,195,29146,2,567,94,190.5,12.767.275.877.544.600,368,94,97.5,4.949.747.468.305.830,101,199,283.5,11.950.104.602.052.600,368,8,9718.0,1.681.215.152.798.710,29131,29139,29139.0,0.0,29139,29146,29146.0,0.0,29146,0,0,0,0,0,0,0,0,0,0,0,0,0,0,0,0,0,0
53425,53,17,6,9,2,292,1744233692145,1744233692145,0,1,96,0,1,196,96,146.0,7.071.067.811.865.470,196,96,96.0,0.0,96,196,196.0,0.0,196,9,9.0,0.0,9,0,0.0,0.0,0,0,0.0,0.0,0,0,0,0,0,0,0,0,0,0,0,0,0,0,0,0,0,0,0
36373,1900,17,4,780,4,698,1744233753436,1744233754216,780,4,698,0,0,0,174,174.5,5.773.502.691.896.210,175,174,174.5,5.773.502.691.896.210,175,0,0.0,0.0,0,260,260.0,0.0,260,260,260.0,0.0,260,0,0.0,0.0,0,0,0,0,0,0,0,0,0,0,0,0,0,0,0,0,0,0,0
0,0,58,6,2,2,164,1744233508644,1744233508644,0,1,86,0,1,78,78,82.0,5.656.854.249.492.380,86,86,86.0,0.0,86,78,78.0,0.0,78,2,2.0,0.0,2,0,0.0,0.0,0,0,0.0,0.0,0,0,0,0,0,0,0,0,0,0,0,0,0,0,0,0,0,0,0
0,0,58,6,0,1,142,1744233570112,1744233570112,0,1,142,0,0,0,142,142.0,0.0,142,142,142.0,0.0,142,0,0.0,0.0,0,0,0.0,0.0,0,0,0.0,0.0,0,0,0.0,0.0,0,0,0,0,0,0,0,0,0,0,0,0,0,0,0,0,0,0,0
0,0,58,6,889,2,220,1744233570123,1744233571012,889,2,220,0,0,0,110,110.0,0.0,110,110,110.0,0.0,110,0,0.0,0.0,0,889,889.0,0.0,889,889,889.0,0.0,889,0,0.0,0.0,0,0,0,0,0,0,0,0,0,0,0,0,0,0,0,0,0,0,0
53293,5353,17,4,31871,38,3602,1744233499648,1744233531519,31871,38,3602,0,0,0,73,9.478.947.368.421.050,17.686.699.682.570.800,137,73,9.478.947.368.421.050,17.686.699.682.570.800,137,0,0.0,0.0,0,0,8.613.783.783.783.780,454.186.605.893.407,27646,0,8.613.783.783.783.780,454.186.605.893.407,27646,0,0.0,0.0,0,0,0,0,0,0,0,0,0,0,0,0,0,0,0,0,0,0,0
5353,53293,17,4,3,5,814,1744233499649,1744233499652,3,5,814,0,0,0,124,162.8,27.151.427.218.472.300,186,124,162.8,27.151.427.218.472.300,186,0,0.0,0.0,0,0,0.75,0.5,1,0,0.75,0.5,1,0,0.0,0.0,0,0,0,0,0,0,0,0,0,0,0,0,0,0,0,0,0,0,0
5353,5353,17,4,0,1,178,1744233499751,1744233499751,0,1,178,0,0,0,178,178.0,0.0,178,178,178.0,0.0,178,0,0.0,0.0,0,0,0.0,0.0,0,0,0.0,0.0,0,0,0.0,0.0,0,0,0,0,0,0,0,0,0,0,0,0,0,0,0,0,0,0,0
53296,1900,17,4,10267,3,396,1744233499650,1744233509917,10267,3,396,0,0,0,132,132.0,0.0,132,132,132.0,0.0,132,0,0.0,0.0,0,5072,5133.5,8.697.413.408.594.530,5195,5072,5133.5,8.697.413.408.594.530,5195,0,0.0,0.0,0,0,0,0,0,0,0,0,0,0,0,0,0,0,0,0,0,0,0
0,0,1,4,9488,3,252,1744233499650,1744233509138,9488,2,186,0,1,66,66,84.0,31.176.914.536.239.700,120,66,93.0,3.818.376.618.407.350,120,66,66.0,0.0,66,0,4744.0,67.090.291.398.979.600,9488,9488,9488.0,0.0,9488,0,0.0,0.0,0,0,0,0,0,0,0,0,0,0,0,0,0,0,0,0,0,0,0
62581,137,17,4,0,1,92,1744233499649,1744233499649,0,1,92,0,0,0,92,92.0,0.0,92,92,92.0,0.0,92,0,0.0,0.0,0,0,0.0,0.0,0,0,0.0,0.0,0,0,0.0,0.0,0,0,0,0,0,0,0,0,0,0,0,0,0,0,0,0,0,0,0
0,0,1,4,14,3,202,1744233499649,1744233499663,14,2,136,0,1,66,66,6.733.333.333.333.330,2.309.401.076.758.500,70,66,68.0,28.284.271.247.461.900,70,66,66.0,0.0,66,1,7.0,848.528.137.423.857,13,14,14.0,0.0,14,0,0.0,0.0,0,0,0,0,0,0,0,0,0,0,0,0,0,0,0,0,0,0,0
62581,137,17,4,0,1,92,1744233499649,1744233499649,0,1,92,0,0,0,92,92.0,0.0,92,92,92.0,0.0,92,0,0.0,0.0,0,0,0.0,0.0,0,0,0.0,0.0,0,0,0.0,0.0,0,0,0,0,0,0,0,0,0,0,0,0,0,0,0,0,0,0,0
0,0,1,4,0,1,120,1744233500035,1744233500035,0,1,120,0,0,0,120,120.0,0.0,120,120,120.0,0.0,120,0,0.0,0.0,0,0,0.0,0.0,0,0,0.0,0.0,0,0,0.0,0.0,0,0,0,0,0,0,0,0,0,0,0,0,0,0,0,0,0,0,0
53431,53,17,6,8,2,332,1744233692145,1744233692145,0,1,96,0,1,236,96,166.0,9.899.494.936.611.660,236,96,96.0,0.0,96,236,236.0,0.0,236,8,8.0,0.0,8,0,0.0,0.0,0,0,0.0,0.0,0,0,0,0,0,0,0,0,0,0,0,0,0,0,0,0,0,0,0
5353,5353,17,4,757,6,1615,1744233772407,1744233773164,757,6,1615,0,0,0,93,2.691.666.666.666.660,19.674.187.827.370.800,507,93,2.691.666.666.666.660,19.674.187.827.370.800,507,0,0.0,0.0,0,1,151.4,13.684.041.800.579.200,252,1,151.4,13.684.041.800.579.200,252,0,0.0,0.0,0,0,0,0,0,0,0,0,0,0,0,0,0,0,0,0,0,0,0
5353,5353,17,6,757,6,1735,1744233772408,1744233773165,757,6,1735,0,0,0,113,2.891.666.666.666.660,19.674.187.827.370.800,527,113,2.891.666.666.666.660,19.674.187.827.370.800,527,0,0.0,0.0,0,1,151.4,13.729.639.470.867.300,252,1,151.4,13.729.639.470.867.300,252,0,0.0,0.0,0,0,0,0,0,0,0,0,0,0,0,0,0,0,0,0,0,0,0
0,0,1,4,3018,3,252,1744233500252,1744233503270,3018,2,186,0,1,66,66,84.0,31.176.914.536.239.700,120,66,93.0,3.818.376.618.407.350,120,66,66.0,0.0,66,6,1509.0,2.125.562.984.246.760,3012,3018,3018.0,0.0,3018,0,0.0,0.0,0,0,0,0,0,0,0,0,0,0,0,0,0,0,0,0,0,0,0
0,0,1,4,0,1,120,1744233500095,1744233500095,0,1,120,0,0,0,120,120.0,0.0,120,120,120.0,0.0,120,0,0.0,0.0,0,0,0.0,0.0,0,0,0.0,0.0,0,0,0.0,0.0,0,0,0,0,0,0,0,0,0,0,0,0,0,0,0,0,0,0,0
62581,137,17,4,0,1,92,1744233499649,1744233499649,0,1,92,0,0,0,92,92.0,0.0,92,92,92.0,0.0,92,0,0.0,0.0,0,0,0.0,0.0,0,0,0.0,0.0,0,0,0.0,0.0,0,0,0,0,0,0,0,0,0,0,0,0,0,0,0,0,0,0,0
62581,137,17,4,0,1,92,1744233499649,1744233499649,0,1,92,0,0,0,92,92.0,0.0,92,92,92.0,0.0,92,0,0.0,0.0,0,0,0.0,0.0,0,0,0.0,0.0,0,0,0.0,0.0,0,0,0,0,0,0,0,0,0,0,0,0,0,0,0,0,0,0,0
62581,137,17,4,0,1,92,1744233499649,1744233499649,0,1,92,0,0,0,92,92.0,0.0,92,92,92.0,0.0,92,0,0.0,0.0,0,0,0.0,0.0,0,0,0.0,0.0,0,0,0.0,0.0,0,0,0,0,0,0,0,0,0,0,0,0,0,0,0,0,0,0,0
0,0,1,4,0,1,120,1744233499650,1744233499650,0,1,120,0,0,0,120,120.0,0.0,120,120,120.0,0.0,120,0,0.0,0.0,0,0,0.0,0.0,0,0,0.0,0.0,0,0,0.0,0.0,0,0,0,0,0,0,0,0,0,0,0,0,0,0,0,0,0,0,0
0,0,1,4,0,1,120,1744233499650,1744233499650,0,1,120,0,0,0,120,120.0,0.0,120,120,120.0,0.0,120,0,0.0,0.0,0,0,0.0,0.0,0,0,0.0,0.0,0,0,0.0,0.0,0,0,0,0,0,0,0,0,0,0,0,0,0,0,0,0,0,0,0
62581,137,17,4,0,1,92,1744233499650,1744233499650,0,1,92,0,0,0,92,92.0,0.0,92,92,92.0,0.0,92,0,0.0,0.0,0,0,0.0,0.0,0,0,0.0,0.0,0,0,0.0,0.0,0,0,0,0,0,0,0,0,0,0,0,0,0,0,0,0,0,0,0
62581,137,17,4,0,1,92,1744233499650,1744233499650,0,1,92,0,0,0,92,92.0,0.0,92,92,92.0,0.0,92,0,0.0,0.0,0,0,0.0,0.0,0,0,0.0,0.0,0,0,0.0,0.0,0,0,0,0,0,0,0,0,0,0,0,0,0,0,0,0,0,0,0
36373,1900,17,4,780,4,698,1744233814511,1744233815291,780,4,698,0,0,0,174,174.5,5.773.502.691.896.210,175,174,174.5,5.773.502.691.896.210,175,0,0.0,0.0,0,260,260.0,0.0,260,260,260.0,0.0,260,0,0.0,0.0,0,0,0,0,0,0,0,0,0,0,0,0,0,0,0,0,0,0,0
55850,53,17,6,8,2,299,1744233692156,1744233692156,0,1,106,0,1,193,106,149.5,61.518.289.963.229.600,193,106,106.0,0.0,106,193,193.0,0.0,193,8,8.0,0.0,8,0,0.0,0.0,0,0,0.0,0.0,0,0,0,0,0,0,0,0,0,0,0,0,0,0,0,0,0,0,0
53179,443,6,4,10704,29,7041,1744233807111,1744233817815,10704,13,1657,10475,16,5384,60,2.427.931.034.482.750,6.542.687.509.901.160,3588,60,12.746.153.846.153.800,14.096.076.013.357.700,571,60,33.649.999.999.999.900,8.730.803.704.890.700,3588,0,38.228.571.428.571.400,18.443.010.692.027.500,9784,0,892.0,2.871.646.629.311.540,10005,0,6.983.333.333.333.330,25.151.800.181.715.600,9784,2,0,0,0,28,14,0,1,1,12,6,0,0,1,16,8,0,1
64578,53,17,6,9,2,323,1744233692156,1744233692156,0,1,106,0,1,217,106,161.5,7.848.885.271.170.670,217,106,106.0,0.0,106,217,217.0,0.0,217,9,9.0,0.0,9,0,0.0,0.0,0,0,0.0,0.0,0,0,0,0,0,0,0,0,0,0,0,0,0,0,0,0,0,0,0
0,0,58,6,0,2,172,1744233504101,1744233504101,0,1,86,0,1,86,86,86.0,0.0,86,86,86.0,0.0,86,86,86.0,0.0,86,0,0.0,0.0,0,0,0.0,0.0,0,0,0.0,0.0,0,0,0,0,0,0,0,0,0,0,0,0,0,0,0,0,0,0,0
5353,5353,17,4,119028,28,9925,1744233500092,1744233619120,119028,28,9925,0,0,0,145,3.544.642.857.142.850,20.640.996.281.992.400,805,145,3.544.642.857.142.850,20.640.996.281.992.400,805,0,0.0,0.0,0,100,4.408.444.444.444.440,10.458.125.914.379.900,42852,100,4.408.444.444.444.440,10.458.125.914.379.900,42852,0,0.0,0.0,0,0,0,0,0,0,0,0,0,0,0,0,0,0,0,0,0,0,0
5353,5353,17,6,119027,28,10485,1744233500093,1744233619120,119027,28,10485,0,0,0,165,3.744.642.857.142.850,20.640.996.281.992.400,825,165,3.744.642.857.142.850,20.640.996.281.992.400,825,0,0.0,0.0,0,100,4.408.407.407.407.400,10.458.077.556.309.700,42851,100,4.408.407.407.407.400,10.458.077.556.309.700,42851,0,0.0,0.0,0,0,0,0,0,0,0,0,0,0,0,0,0,0,0,0,0,0,0
0,0,1,4,291,3,252,1744233499808,1744233500099,291,2,186,0,1,66,66,84.0,31.176.914.536.239.700,120,66,93.0,3.818.376.618.407.350,120,66,66.0,0.0,66,2,145.5,20.293.964.620.053.900,289,291,291.0,0.0,291,0,0.0,0.0,0,0,0,0,0,0,0,0,0,0,0,0,0,0,0,0,0,0,0
62581,137,17,4,0,1,92,1744233499649,1744233499649,0,1,92,0,0,0,92,92.0,0.0,92,92,92.0,0.0,92,0,0.0,0.0,0,0,0.0,0.0,0,0,0.0,0.0,0,0,0.0,0.0,0,0,0,0,0,0,0,0,0,0,0,0,0,0,0,0,0,0,0
0,0,58,6,78930,30,2580,1744233661193,1744233740123,78930,30,2580,0,0,0,86,86.0,0.0,86,86,86.0,0.0,86,0,0.0,0.0,0,990,27.217.241.379.310.300,3.594.019.962.745.170,14449,990,27.217.241.379.310.300,3.594.019.962.745.170,14449,0,0.0,0.0,0,0,0,0,0,0,0,0,0,0,0,0,0,0,0,0,0,0,0
53034,443,6,4,96827,34,4225,1744233752362,1744233849189,96827,16,1852,96668,18,2373,60,12.426.470.588.235.200,6.914.250.055.677.910,299,60,11.574.999.999.999.900,4.929.976.335.304.930,206,60,13.183.333.333.333.300,8.370.624.405.692.590,299,0,2.934.151.515.151.510,9.191.971.517.720.000,41545,0,6.455.133.333.333.330,12.995.700.722.418.400,41545,0,5.686.352.941.176.460,12.421.476.154.936.100,41704,0,0,0,0,34,21,0,0,0,16,10,0,0,0,18,11,0,0
53178,443,6,4,1284,16,10093,1744233803875,1744233805159,1284,10,2705,972,6,7388,60,6.308.124.999.999.990,15.789.280.422.172.500,6452,60,270.5,3.489.629.875.311.510,1063,60,12.313.333.333.333.300,2.562.702.765.961.480,6452,0,85.6,138.395.809.185.105,312,2,14.266.666.666.666.600,15.635.136.711.906.200,313,2,194.4,168.932.826.886.902,325,2,0,0,0,15,8,0,0,1,9,4,0,0,1,6,4,0,0
53185,80,6,4,9,13,4412,1744233870875,1744233870884,9,6,454,8,7,3958,60,3.393.846.153.846.150,533.673.829.609.675,1514,60,7.566.666.666.666.660,35.517.132.016.347.600,148,60,5.654.285.714.285.710,6.628.765.237.314.450,1514,0,7.500.000.000.000.000,20.056.737.702.645.600,7,0,1.8,29.495.762.407.505.200,7,0,13.333.333.333.333.300,28.047.578.623.950.100,7,2,0,0,0,12,3,0,1,1,5,1,0,0,1,7,2,0,1
36373,1900,17,4,780,4,698,1744233875586,1744233876366,780,4,698,0,0,0,174,174.5,5.773.502.691.896.210,175,174,174.5,5.773.502.691.896.210,175,0,0.0,0.0,0,259,260.0,1.0,261,259,260.0,1.0,261,0,0.0,0.0,0,0,0,0,0,0,0,0,0,0,0,0,0,0,0,0,0,0,0
53179,443,6,4,0,1,60,1744233877846,1744233877846,0,1,60,0,0,0,60,60.0,0.0,60,60,60.0,0.0,60,0,0.0,0.0,0,0,0.0,0.0,0,0,0.0,0.0,0,0,0.0,0.0,0,0,0,0,0,1,0,0,0,0,1,0,0,0,0,0,0,0,0
53104,443,6,4,400630,38,8761,1744233489626,1744233890246,400620,19,3617,400619,19,5144,60,23.055.263.157.894.700,573.228.773.601.587,3155,60,19.036.842.105.263.100,4.090.050.543.733.210,1807,60,2.707.368.421.052.630,7.104.529.730.394.430,3155,0,10.827.837.837.837.800,1.934.253.906.622.720,45023,0,22.256.666.666.666.600,22.877.466.730.387.700,45033,0,2.225.661.111.111.110,22.882.366.126.468.400,45033,2,0,0,0,37,10,0,2,1,18,5,0,1,1,19,5,0,1
52845,443,17,6,10,2,2554,1744233489644,1744233489644,0,1,1292,0,1,1262,1262,1277.0,21.213.203.435.596.400,1292,1292,1292.0,0.0,1292,1262,1262.0,0.0,1262,10,10.0,0.0,10,0,0.0,0.0,0,0,0.0,0.0,0,0,0,0,0,0,0,0,0,0,0,0,0,0,0,0,0,0,0
53105,443,6,6,400501,41,7416,1744233489644,1744233890130,400486,19,2186,400484,22,5230,74,1.808.780.487.804.870,3.148.423.569.917.130,1465,74,11.505.263.157.894.700,11.998.077.331.352.800,591,74,23.772.727.272.727.200,4.112.978.508.063.490,1465,0,10.012.524.999.999.900,18.805.537.200.090.100,45024,1,22.249.222.222.222.200,22.884.849.495.207.500,45040,0,19.070.666.666.666.600,2.255.686.927.375.630,45040,2,0,0,0,40,12,0,2,1,18,4,0,1,1,22,8,0,1
0,0,58,6,0,1,1294,1744233489654,1744233489654,0,1,1294,0,0,0,1294,1294.0,0.0,1294,1294,1294.0,0.0,1294,0,0.0,0.0,0,0,0.0,0.0,0,0,0.0,0.0,0,0,0.0,0.0,0,0,0,0,0,0,0,0,0,0,0,0,0,0,0,0,0,0,0
50212,443,6,6,138,2,161,1744233794880,1744233794880,0,1,75,0,1,86,75,80.5,77.781.745.930.520.200,86,75,75.0,0.0,75,86,86.0,0.0,86,138,138.0,0.0,138,0,0.0,0.0,0,0,0.0,0.0,0,0,0,0,0,2,0,0,0,0,1,0,0,0,0,1,0,0,0
443,53149,6,6,5016,7,581,1744233796249,1744233801265,5016,3,285,5016,4,296,74,83.0,15.968.719.422.671.300,113,74,95.0,19.672.315.572.906,113,74,74.0,0.0,74,0,836.0,2.047.773.424.966.730,5016,0,2508.0,35.468.476.144.317.200,5016,0,1672.0,28.959.889.502.551.600,5016,0,0,0,0,7,2,0,1,0,3,2,0,1,0,4,0,0,0
443,53151,6,6,5007,6,507,1744233796294,1744233801301,5007,3,285,5007,3,222,74,84.5,16.944.025.495.731.500,113,74,95.0,19.672.315.572.906,113,74,74.0,0.0,74,0,1001.4,22.391.984.726.682.800,5007,0,2503.5,35.404.836.534.010.400,5007,0,2503.5,35.404.836.534.010.400,5007,0,0,0,0,6,2,0,1,0,3,2,0,1,0,3,0,0,0
443,53150,6,6,5003,7,581,1744233796241,1744233801244,5003,3,285,5003,4,296,74,83.0,15.968.719.422.671.300,113,74,95.0,19.672.315.572.906,113,74,74.0,0.0,74,0,8.338.333.333.333.330,20.419.763.384.198.800,5002,1,2501.5,3.536.241.012.713.920,5002,0,16.676.666.666.666.600,2.887.617.414.640.190,5002,0,0,0,0,7,2,0,1,0,3,2,0,1,0,4,0,0,0
443,53152,6,6,5012,7,581,1744233741265,1744233746277,5012,3,285,5012,4,296,74,83.0,15.968.719.422.671.300,113,74,95.0,19.672.315.572.906,113,74,74.0,0.0,74,0,8.353.333.333.333.330,20.461.404.318.048.800,5012,0,2506.0,3.544.019.187.306.970,5012,0,16.706.666.666.666.600,2.893.679.549.178.400,5012,0,0,0,0,7,2,0,1,0,3,2,0,1,0,4,0,0,0
443,53148,6,6,5007,7,581,1744233741259,1744233746266,5007,3,285,5007,4,296,74,83.0,15.968.719.422.671.300,113,74,95.0,19.672.315.572.906,113,74,74.0,0.0,74,0,834.5,20.440.991.903.525.600,5007,0,2503.5,35.404.836.534.010.400,5007,0,1669.0,2.890.792.797.832.450,5007,0,0,0,0,7,2,0,1,0,3,2,0,1,0,4,0,0,0
53147,443,6,6,40630,28,3743,1744233676162,1744233716792,40630,15,2069,40619,13,1674,74,13.367.857.142.857.100,12.763.607.221.791.500,719,74,13.793.333.333.333.300,16.527.961.877.059.200,719,74,12.876.923.076.923.000,6.881.636.656.851.550,286,0,15.048.148.148.148.100,6.865.863.534.892.900,35519,0,29.021.428.571.428.500,94.972.169.758.153,35571,0,3.384.916.666.666.660,10.221.594.169.015.900,35519,2,0,0,0,27,13,0,1,1,14,5,0,0,1,13,8,0,1
0,0,1,4,0,2,196,1744233523195,1744233523195,0,1,98,0,1,98,98,98.0,0.0,98,98,98.0,0.0,98,98,98.0,0.0,98,0,0.0,0.0,0,0,0.0,0.0,0,0,0.0,0.0,0,0,0,0,0,0,0,0,0,0,0,0,0,0,0,0,0,0,0
0,0,1,4,1,2,196,1744233523205,1744233523205,0,1,98,0,1,98,98,98.0,0.0,98,98,98.0,0.0,98,98,98.0,0.0,98,1,1.0,0.0,1,0,0.0,0.0,0,0,0.0,0.0,0,0,0,0,0,0,0,0,0,0,0,0,0,0,0,0,0,0,0
5353,5353,17,4,0,1,507,1744233886387,1744233886387,0,1,507,0,0,0,507,507.0,0.0,507,507,507.0,0.0,507,0,0.0,0.0,0,0,0.0,0.0,0,0,0.0,0.0,0,0,0.0,0.0,0,0,0,0,0,0,0,0,0,0,0,0,0,0,0,0,0,0,0
5353,5353,17,6,0,1,527,1744233886387,1744233886387,0,1,527,0,0,0,527,527.0,0.0,527,527,527.0,0.0,527,0,0.0,0.0,0,0,0.0,0.0,0,0,0.0,0.0,0,0,0.0,0.0,0,0,0,0,0,0,0,0,0,0,0,0,0,0,0,0,0,0,0
53293,5353,17,4,38932,34,3088,1744233870808,1744233909740,38932,34,3088,0,0,0,75,9.082.352.941.176.470,7.755.625.869.027.000,99,75,9.082.352.941.176.470,7.755.625.869.027.000,99,0,0.0,0.0,0,0,11.797.575.757.575.700,39.216.915.676.648.900,15753,0,11.797.575.757.575.700,39.216.915.676.648.900,15753,0,0.0,0.0,0,0,0,0,0,0,0,0,0,0,0,0,0,0,0,0,0,0,0
0,0,58,6,1995,3,258,1744233569486,1744233571481,1995,3,258,0,0,0,86,86.0,0.0,86,86,86.0,0.0,86,0,0.0,0.0,0,995,997.5,35.355.339.059.327.300,1000,995,997.5,35.355.339.059.327.300,1000,0,0.0,0.0,0,0,0,0,0,0,0,0,0,0,0,0,0,0,0,0,0,0,0
36373,1900,17,4,780,4,698,1744233936661,1744233937441,780,4,698,0,0,0,174,174.5,5.773.502.691.896.210,175,174,174.5,5.773.502.691.896.210,175,0,0.0,0.0,0,260,260.0,0.0,260,260,260.0,0.0,260,0,0.0,0.0,0,0,0,0,0,0,0,0,0,0,0,0,0,0,0,0,0,0,0
53179,443,6,4,0,1,60,1744233937876,1744233937876,0,1,60,0,0,0,60,60.0,0.0,60,60,60.0,0.0,60,0,0.0,0.0,0,0,0.0,0.0,0,0,0.0,0.0,0,0,0.0,0.0,0,0,0,0,0,1,0,0,0,0,1,0,0,0,0,0,0,0,0
5353,5353,17,4,23073,24,3175,1744233870911,1744233893984,23073,24,3175,0,0,0,86,13.229.166.666.666.600,12.219.353.116.254.100,507,86,13.229.166.666.666.600,12.219.353.116.254.100,507,0,0.0,0.0,0,1,1.003.173.913.043.470,2.585.970.604.701.340,11640,1,1.003.173.913.043.470,2.585.970.604.701.340,11640,0,0.0,0.0,0,0,0,0,0,0,0,0,0,0,0,0,0,0,0,0,0,0,0
5353,5353,17,6,23073,24,3655,1744233870912,1744233893985,23073,24,3655,0,0,0,106,15.229.166.666.666.600,12.219.353.116.254.100,527,106,15.229.166.666.666.600,12.219.353.116.254.100,527,0,0.0,0.0,0,1,10.031.739.130.434.700,25.859.028.782.327.000,11640,1,10.031.739.130.434.700,25.859.028.782.327.000,11640,0,0.0,0.0,0,0,0,0,0,0,0,0,0,0,0,0,0,0,0,0,0,0,0
53158,443,6,4,2026,26,5404,1744233713172,1744233715198,2026,14,2980,1739,12,2424,60,2.078.461.538.461.530,16.839.802.666.484.900,827,60,21.285.714.285.714.200,2.088.532.267.638.450,827,60,20.200.000.000.000.000,11.326.958.991.715.200,436,0,8.104.000.000.000.000,11.671.028.232.336.600,248,0,15.584.615.384.615.300,128.097.518.941.525,290,0,1.580.909.090.909.090,12.455.236.211.766.800,249,2,0,0,0,25,18,0,0,1,13,9,0,0,1,12,9,0,0
64990,53,17,6,9,2,312,1744233747619,1744233747619,0,1,100,0,1,212,100,156.0,7.919.595.949.289.330,212,100,100.0,0.0,100,212,212.0,0.0,212,9,9.0,0.0,9,0,0.0,0.0,0,0,0.0,0.0,0,0,0,0,0,0,0,0,0,0,0,0,0,0,0,0,0,0,0
51544,53,17,6,9,2,336,1744233747619,1744233747619,0,1,100,0,1,236,100,168.0,9.616.652.224.137.040,236,100,100.0,0.0,100,236,236.0,0.0,236,9,9.0,0.0,9,0,0.0,0.0,0,0,0.0,0.0,0,0,0,0,0,0,0,0,0,0,0,0,0,0,0,0,0,0,0
53193,443,6,6,101,22,3258,1744233961511,1744233961558,47,12,1869,88,10,1389,74,14.809.090.909.090.900,14.409.319.374.921.300,732,74,155.75,18.656.323.568.455.500,732,74,138.9,7.572.384.036.748.260,286,0,480.952.380.952.381,12.180.390.172.810.700,54,0,42.727.272.727.272.700,5.798.118.817.183.880,13,0,9.777.777.777.777.770,18.047.006.523.089.700,54,2,0,0,0,21,11,0,0,1,11,5,0,0,1,10,6,0,0
53197,443,6,6,95,22,3236,1744233961511,1744233961554,43,12,1847,83,10,1389,74,14.709.090.909.090.900,14.141.324.417.361.200,719,74,15.391.666.666.666.600,18.268.575.021.969.600,719,74,138.9,7.572.384.036.748.260,286,0,4.523.809.523.809.520,11.595.770.986.092.500,52,0,3.909.090.909.090.900,51.856.445.202.991.900,12,0,9.222.222.222.222.220,17.195.768.213.268.100,52,2,0,0,0,21,11,0,0,1,11,5,0,0,1,10,6,0,0
53194,443,6,6,131,22,3280,1744233961511,1744233961580,69,11,1795,110,11,1485,74,1.490.909.090.909.090,14.359.132.122.961.800,732,74,1.631.818.181.818.180,19.379.722.298.413.700,732,74,135.0,7.283.268.497.041.690,286,0,6.238.095.238.095.230,14.710.216.728.195.200,62,0,6.9,9.803.060.746.521.970,21,0,11.0,20.264.912.204.760.800,62,2,0,0,0,21,12,0,0,1,10,5,0,0,1,11,7,0,0
59939,53,17,6,2,2,233,1744233807100,1744233807100,0,1,96,0,1,137,96,116.5,28.991.378.028.648.400,137,96,96.0,0.0,96,137,137.0,0.0,137,2,2.0,0.0,2,0,0.0,0.0,0,0,0.0,0.0,0,0,0,0,0,0,0,0,0,0,0,0,0,0,0,0,0,0,0
60872,53,17,6,7,2,314,1744233807551,1744233807551,0,1,111,0,1,203,111,157.0,6.505.382.386.916.230,203,111,111.0,0.0,111,203,203.0,0.0,203,7,7.0,0.0,7,0,0.0,0.0,0,0,0.0,0.0,0,0,0,0,0,0,0,0,0,0,0,0,0,0,0,0,0,0,0
49612,123,17,4,211,2,180,1744233510790,1744233510790,0,1,90,0,1,90,90,90.0,0.0,90,90,90.0,0.0,90,90,90.0,0.0,90,211,211.0,0.0,211,0,0.0,0.0,0,0,0.0,0.0,0,0,0,0,0,0,0,0,0,0,0,0,0,0,0,0,0,0,0
5353,53293,17,4,2,4,1513,1744233502084,1744233502086,2,4,1513,0,0,0,267,378.25,7.445.972.065.486.140,420,267,378.25,7.445.972.065.486.140,420,0,0.0,0.0,0,0,6.666.666.666.666.660,11.547.005.383.792.500,2,0,6.666.666.666.666.660,11.547.005.383.792.500,2,0,0.0,0.0,0,0,0,0,0,0,0,0,0,0,0,0,0,0,0,0,0,0,0
53179,443,6,4,0,1,60,1744233997906,1744233997906,0,1,60,0,0,0,60,60.0,0.0,60,60,60.0,0.0,60,0,0.0,0.0,0,0,0.0,0.0,0,0,0.0,0.0,0,0,0.0,0.0,0,0,0,0,0,1,0,0,0,0,1,0,0,0,0,0,0,0,0
36373,1900,17,4,780,4,698,1744233997736,1744233998516,780,4,698,0,0,0,174,174.5,5.773.502.691.896.210,175,174,174.5,5.773.502.691.896.210,175,0,0.0,0.0,0,260,260.0,0.0,260,260,260.0,0.0,260,0,0.0,0.0,0,0,0,0,0,0,0,0,0,0,0,0,0,0,0,0,0,0,0
53034,443,6,4,104837,31,3685,1744233909220,1744234014057,104837,14,1561,104678,17,2124,60,11.887.096.774.193.500,618.782.363.115.842,303,60,11.150.000.000.000.000,53.859.860.892.733.600,241,60,12.494.117.647.058.800,6.881.539.670.400.370,303,0,34.945.666.666.666.600,12.056.573.364.289.900,52851,0,8.064.384.615.384.610,17.653.212.868.759.700,52851,0,6.542.375,1.619.590.721.087.680,53052,0,0,0,0,31,19,0,0,0,14,8,0,0,0,17,11,0,0
53192,443,6,6,20,22,3308,1744233961511,1744233961531,20,12,1885,17,10,1423,74,1.503.636.363.636.360,14.656.334.416.495.000,745,74,15.708.333.333.333.300,190.293.772.091.915,745,74,142.3,7.570.124.026.578.280,286,0,9.523.809.523.809.520,13.592.715.135.759.400,5,0,1.818.181.818.181.810,14.012.980.994.907.400,5,0,18.888.888.888.888.800,26.666.666.666.666.600,8,2,0,0,0,21,12,0,0,1,11,5,0,0,1,10,7,0,0
53195,443,6,6,66,22,3305,1744233961511,1744233961533,22,11,1808,60,11,1497,74,15.022.727.272.727.200,14.650.367.517.515.300,745,74,16.436.363.636.363.600,1.976.149.147.849.280,745,74,1.360.909.090.909.090,747.107.148.211.748,286,0,3.142.857.142.857.140,954.612.860.947.156,44,0,2.2,2.250.925.735.484.550,6,0,6.0,13.686.976.778.431.800,44,2,0,0,0,21,12,0,0,1,10,5,0,0,1,11,7,0,0
53196,443,6,6,75,29,4496,1744233961511,1744233961586,75,16,2364,71,13,2132,74,15.503.448.275.862.000,14.738.687.738.606.700,745,74,147.75,1.688.445.044.017.320,745,74,164.0,12.203.824.537.141.300,503,0,2.678.571.428.571.420,9.745.097.804.379.960,52,0,5.000.000.000.000.000,13.065.767.704.742.200,52,0,5.916.666.666.666.660,15.311.661.232.438.800,54,2,0,0,0,28,15,0,0,1,15,6,0,0,1,13,9,0,0
443,51987,6,6,575447,129,13028,1744233490892,1744234066339,575447,86,8019,575436,43,5009,74,10.099.224.806.201.500,2.259.199.807.316.700,132,74,9.324.418.604.651.160,21.921.215.105.067.200,128,103,11.648.837.209.302.300,14.635.853.063.824.700,132,0,4.495.679.687.500.000,7.755.620.461.259.800,25242,10,6.769.964.705.882.350,8.681.038.143.490.640,25242,793,13.700.857.142.857.100,7.579.245.523.850.070,25254,0,0,0,0,129,86,0,0,0,86,43,0,0,0,43,43,0,0
53108,53,6,4,13,9,636,1744233495383,1744233495396,13,5,334,12,4,302,60,7.066.666.666.666.660,19.261.360.284.258.200,116,60,66.8,12.132.600.710.482.400,88,60,75.5,27.147.743.920.996.400,116,0,1.625,3.814.914.340.921.880,11,0,3.25,5.188.127.472.091.120,11,0,4.0,6.082.762.530.298.210,11,2,0,0,0,8,2,0,2,1,4,1,0,1,1,4,1,0,1
53109,53,6,4,16,9,624,1744233495383,1744233495399,16,5,334,15,4,290,60,6.933.333.333.333.330,1.584.297.951.775.480,104,60,66.8,12.132.600.710.482.400,88,60,72.5,2.118.962.010.041.700,104,0,2.0,447.213.595.499.958,13,0,4.0,6.683.312.551.921.140,14,1,5.0,6.928.203.230.275.500,13,2,0,0,0,8,2,0,2,1,4,1,0,1,1,4,1,0,1
53110,53,6,4,15,11,795,1744233495383,1744233495398,15,6,392,14,5,403,60,7.227.272.727.272.720,29.155.071.288.168.400,157,60,6.533.333.333.333.330,10.405.126.941.400.800,86,60,80.6,4.278.784.874.237.070,157,0,1.5,37.193.189.340.702.300,12,0,3.0,5.612.486.080.160.910,13,0,35.000.000.000.000.000,5.686.240.703.077.320,12,2,0,0,0,10,3,0,2,1,5,2,0,1,1,5,1,0,1
53440,443,17,6,11,2,1394,1744233495399,1744233495399,0,1,1292,0,1,102,102,697.0,8.414.570.696.119.910,1292,1292,1292.0,0.0,1292,102,102.0,0.0,102,11,11.0,0.0,11,0,0.0,0.0,0,0,0.0,0.0,0,0,0,0,0,0,0,0,0,0,0,0,0,0,0,0,0,0,0
52950,443,6,6,560471,45,4665,1744233499229,1744234059700,560471,30,2970,560283,15,1695,74,1.036.666.666.666.660,216.952.026.536.241,124,74,99.0,2.542.738.138.578.030,124,113,113.0,0.0,113,39,12.737.977.272.727.200,18.720.606.520.298.500,39831,189,19.326.586.206.896.500,2.015.767.044.809.710,39831,40017,4.002.021.428.571.420,2.359.223.191.208.360,40025,0,0,0,0,45,30,0,0,0,30,15,0,0,0,15,15,0,0
0,0,58,6,112960,18,1548,1744233765476,1744233878436,112960,18,1548,0,0,0,86,86.0,0.0,86,86,86.0,0.0,86,0,0.0,0.0,0,993,6.644.705.882.352.940,14.697.192.128.790.700,59842,993,6.644.705.882.352.940,14.697.192.128.790.700,59842,0,0.0,0.0,0,0,0,0,0,0,0,0,0,0,0,0,0,0,0,0,0,0,0
50982,443,6,4,592487,134,26833,1744233495617,1744234088104,592487,81,13844,592303,53,12989,60,2.002.462.686.567.160,12.035.726.495.136.800,320,60,17.091.358.024.691.300,1.160.977.171.966.420,294,60,24.507.547.169.811.300,11.369.000.515.176.200,320,0,4.454.789.473.684.210,6.863.538.795.973.090,15825,155,7.406.087.499.999.990,7.539.826.533.601.670,15825,0,11.390.442.307.692.300,6.740.485.734.558.210,16018,0,0,0,0,134,86,0,0,0,81,43,0,0,0,53,43,0,0
53071,80,6,4,0,2,120,1744233511314,1744233511314,0,1,60,0,1,60,60,60.0,0.0,60,60,60.0,0.0,60,60,60.0,0.0,60,0,0.0,0.0,0,0,0.0,0.0,0,0,0.0,0.0,0,0,0,0,0,1,0,1,0,0,1,0,0,0,0,0,0,1,0
53177,443,6,4,2250,32,10608,1744233803709,1744233805757,2048,17,3832,2031,15,6776,60,331.5,5.135.815.417.243.880,2878,60,22.541.176.470.588.200,2.233.013.823.354.910,827,60,4.517.333.333.333.330,7.056.283.387.031.390,2878,0,7.258.064.516.129.030,9.687.854.051.802.810,221,1,12.799.999.999.999.900,10.127.915.218.181.200,225,0,14.507.142.857.142.800,10.029.760.660.210.100,242,2,0,0,0,31,22,0,0,1,16,10,0,0,1,15,12,0,0
53179,443,6,4,0,1,60,1744234057937,1744234057937,0,1,60,0,0,0,60,60.0,0.0,60,60,60.0,0.0,60,0,0.0,0.0,0,0,0.0,0.0,0,0,0.0,0.0,0,0,0.0,0.0,0,0,0,0,0,1,0,0,0,0,1,0,0,0,0,0,0,0,0
36373,1900,17,4,780,4,698,1744234058811,1744234059591,780,4,698,0,0,0,174,174.5,5.773.502.691.896.210,175,174,174.5,5.773.502.691.896.210,175,0,0.0,0.0,0,260,260.0,0.0,260,260,260.0,0.0,260,0,0.0,0.0,0,0,0,0,0,0,0,0,0,0,0,0,0,0,0,0,0,0,0
53034,443,6,4,159,2,120,1744234074088,1744234074088,0,1,60,0,1,60,60,60.0,0.0,60,60,60.0,0.0,60,60,60.0,0.0,60,159,159.0,0.0,159,0,0.0,0.0,0,0,0.0,0.0,0,0,0,0,0,2,0,0,0,0,1,0,0,0,0,1,0,0,0
5353,5353,17,4,765,6,1615,1744234014047,1744234014812,765,6,1615,0,0,0,93,2.691.666.666.666.660,19.674.187.827.370.800,507,93,2.691.666.666.666.660,19.674.187.827.370.800,507,0,0.0,0.0,0,2,153.0,13.602.573.285.963.200,253,2,153.0,13.602.573.285.963.200,253,0,0.0,0.0,0,0,0,0,0,0,0,0,0,0,0,0,0,0,0,0,0,0,0
5353,5353,17,6,763,6,1735,1744234014050,1744234014813,763,6,1735,0,0,0,113,2.891.666.666.666.660,19.674.187.827.370.800,527,113,2.891.666.666.666.660,19.674.187.827.370.800,527,0,0.0,0.0,0,2,152.6,13.657.159.294.670.300,254,2,152.6,13.657.159.294.670.300,254,0,0.0,0.0,0,0,0,0,0,0,0,0,0,0,0,0,0,0,0,0,0,0,0
51813,5228,6,6,585107,30,2441,1744233513017,1744234098059,585042,15,1149,585048,15,1292,74,8.136.666.666.666.660,7.448.597.800.620.080,100,74,76.6,64.785.359.898.227.400,100,74,8.613.333.333.333.330,49.261.208.538.429.700,100,41,20.176.103.448.275.800,22.705.093.548.026.400,45024,237,4.178.871.428.571.420,11.963.840.015.316.400,45091,130,4.178.914.285.714.280,11.994.784.057.806.400,45091,0,0,0,0,30,2,0,0,0,15,1,0,0,0,15,1,0,0
53023,443,6,6,28163,9,733,1744233515776,1744233543791,28015,5,399,28015,4,334,74,8.144.444.444.444.440,11.759.157.188.241.700,102,74,79.8,1.241.772.926.102.030,102,74,83.5,12.369.316.876.852.900,100,0,3.520.375,9.777.187.573.084.890,27717,0,7003.75,13.907.676.186.792.100,27865,0,9.338.333.333.333.330,16.045.602.959.481.800,27866,0,0,0,0,9,2,0,2,0,5,1,0,1,0,4,1,0,1
443,53046,6,6,28412,9,729,1744233521211,1744233549623,28412,4,359,28410,5,370,74,81.0,14.387.494.569.938.100,113,74,89.75,19.189.841.062.395.400,113,74,74.0,0.0,74,0,3551.5,82.096.778.081.899,23401,0,9.470.666.666.666.660,1.232.294.422.341.240,23403,0,7102.5,11.119.275.411.044.800,23401,0,0,0,0,8,2,1,2,0,3,2,1,1,0,5,0,0,1
443,53047,6,6,28410,9,729,1744233521216,1744233549626,28410,4,359,28405,5,370,74,81.0,14.387.494.569.938.100,113,74,89.75,19.189.841.062.395.400,113,74,74.0,0.0,74,0,3551.25,8.208.085.608.541.300,23397,0,9470.0,1.232.255.996.130.670,23402,0,7101.25,11.117.383.786.215.100,23397,0,0,0,0,8,2,1,2,0,3,2,1,1,0,5,0,0,1
443,53048,6,6,28360,8,655,1744233521263,1744233549623,28360,4,359,28358,4,296,74,81.875,15.122.712.341.753.600,113,74,89.75,19.189.841.062.395.400,113,74,74.0,0.0,74,0,4.051.428.571.428.570,871.060.012.967.233,23346,1,9.453.333.333.333.330,12.291.108.425.741.400,23348,1,9.452.666.666.666.660,12.289.977.963.093.800,23346,0,0,0,0,7,2,1,2,0,3,2,1,1,0,4,0,0,1
53049,443,6,4,21086,9,590,1744233526471,1744233547557,21086,5,325,20926,4,265,60,6.555.555.555.555.550,1.102.396.379.610.240,85,60,65.0,11.180.339.887.498.900,85,60,66.25,12.500.000.000.000.000,85,0,2635.75,7.325.678.920.267.870,20765,0,5271.5,10.435.942.650.283.200,20925,0,6.975.333.333.333.330,1.208.076.571.800.530,20925,0,0,0,0,8,2,2,2,0,4,1,2,1,0,4,1,0,1
5353,5353,17,4,461181,32,3739,1744233531540,1744233992721,461181,32,3739,0,0,0,82,11.684.375,7.475.160.479.451.150,119,82,11.684.375,7.475.160.479.451.150,119,0,0.0,0.0,0,0,14.876.806.451.612.900,8.638.177.290.066.670,20046,0,14.876.806.451.612.900,8.638.177.290.066.670,20046,0,0.0,0.0,0,0,0,0,0,0,0,0,0,0,0,0,0,0,0,0,0,0,0
5353,5353,17,6,461180,32,4379,1744233531541,1744233992721,461180,32,4379,0,0,0,102,13.684.374.999.999.900,7.475.160.479.451.150,139,102,13.684.374.999.999.900,7.475.160.479.451.150,139,0,0.0,0.0,0,0,14.876.774.193.548.300,8.637.939.629.756.150,20043,0,14.876.774.193.548.300,8.637.939.629.756.150,20043,0,0.0,0.0,0,0,0,0,0,0,0,0,0,0,0,0,0,0,0,0,0,0,0
49651,123,17,4,217,2,180,1744233540869,1744233540869,0,1,90,0,1,90,90,90.0,0.0,90,90,90.0,0.0,90,90,90.0,0.0,90,217,217.0,0.0,217,0,0.0,0.0,0,0,0.0,0.0,0,0,0,0,0,0,0,0,0,0,0,0,0,0,0,0,0,0,0
53113,53,6,4,13,11,1121,1744233543662,1744233543675,13,6,408,11,5,713,60,10.190.909.090.909.000,12.172.300.895.513.100,467,60,68.0,168.285.471.743.701,102,60,142.6,1.813.637.229.437.020,467,0,12.999.999.999.999.900,30.930.028.559.098.700,10,0,2.6,4.722.287.581.247.030,11,0,2.75,4.856.267.428.111.150,10,2,0,0,0,10,3,0,2,1,5,2,0,1,1,5,1,0,1
53114,53,6,4,15,11,1109,1744233543662,1744233543677,15,6,408,14,5,701,60,10.081.818.181.818.100,11.812.435.666.010.400,455,60,68.0,168.285.471.743.701,102,60,140.2,17.599.772.725.805.200,455,0,14.999.999.999.999.900,2.798.809.270.624.440,9,0,3.0,4.636.809.247.747.850,11,0,3.5,4.041.451.884.327.380,9,2,0,0,0,10,3,0,2,1,5,2,0,1,1,5,1,0,1
53115,53,6,4,16,11,1190,1744233543663,1744233543679,16,6,408,16,5,782,60,10.818.181.818.181.800,14.243.441.872.091.000,536,60,68.0,168.285.471.743.701,102,60,156.4,2.122.187.550.618.460,536,0,15.999.999.999.999.900,4.376.706.016.578.620,14,0,3.2,7.155.417.527.999.320,16,0,4.0,6.683.312.551.921.140,14,2,0,0,0,10,3,0,2,1,5,2,0,1,1,5,1,0,1
53116,443,6,6,127793,22,4123,1744233543679,1744233634839,91160,13,2844,127610,9,1279,74,18.740.909.090.909.000,18.678.754.396.395.500,661,74,21.876.923.076.923.000,23.058.084.404.612.900,661,74,14.211.111.111.111.100,8.903.572.940.741.880,356,0,6.085.380.952.380.950,15.168.796.038.170.500,45023,0,7.596.666.666.666.660,1.751.501.591.795.050,45204,0,15951.25,21.974.745.893.216.300,45204,2,0,0,0,21,11,1,0,1,12,6,0,0,1,9,5,1,0
53117,53,6,4,23,9,991,1744233544617,1744233544640,23,5,365,22,4,626,60,11.011.111.111.111.100,12.517.632.008.934.800,440,60,73.0,2.584.569.596.664.010,119,60,156.5,18.902.116.283.633.400,440,0,28.750.000.000.000.000,65.342.504.215.425.100,19,0,5.75,10.177.589.760.514.600,21,1,7.333.333.333.333.330,10.115.993.936.995.600,19,2,0,0,0,8,2,0,2,1,4,1,0,1,1,4,1,0,1
53118,53,6,4,24,9,979,1744233544617,1744233544641,24,5,365,23,4,614,60,10.877.777.777.777.700,12.122.476.827.960.700,428,60,73.0,2.584.569.596.664.010,119,60,153.5,1.830.218.566.182.730,428,0,3.0,6.502.746.672.423.450,19,0,6.0,1.003.327.796.219.490,21,1,7.666.666.666.666.660,9.865.765.724.632.490,19,2,0,0,0,8,2,0,2,1,4,1,0,1,1,4,1,0,1
53119,53,6,4,15,9,1036,1744233544617,1744233544632,15,5,365,14,4,671,60,11.511.111.111.111.100,14.001.914.551.628.600,485,60,73.0,2.584.569.596.664.010,119,60,167.75,21.151.891.168.403.800,485,0,1.875,4.120.939.559.996.340,12,0,3.75,6.849.574.196.011.500,14,1,4.666.666.666.666.660,63.508.529.610.858.800,12,2,0,0,0,8,2,0,2,1,4,1,0,1,1,4,1,0,1
53120,443,6,6,234416,37,6896,1744233544639,1744233778907,234268,21,3878,234266,16,3018,74,18.637.837.837.837.800,2.436.889.355.249.780,1047,74,1.846.666.666.666.660,2.496.364.022.600.330,1047,74,188.625,24.376.570.034.905.700,987,0,6.511.555.555.555.550,14.773.583.748.307.400,44982,0,11713.4,18.395.889.719.402.500,44982,0,15.617.733.333.333.300,1.998.608.474.652.390,45172,2,0,0,0,36,19,0,2,1,20,9,0,1,1,16,10,0,1
53121,53,6,4,28,11,1013,1744233545454,1744233545482,28,6,397,27,5,616,60,9.209.090.909.090.910,9.263.093.926.486.390,370,60,6.616.666.666.666.660,12.400.268.814.290.500,91,60,123.2,13.798.985.469.953.900,370,0,28.000.000.000.000.000,7.814.516.406.449.380,25,0,5.6,11.970.797.801.316.300,27,0,6.75,12.175.795.661.885.900,25,2,0,0,0,10,3,0,2,1,5,2,0,1,1,5,1,0,1
53122,53,6,4,18,11,917,1744233545454,1744233545472,18,6,397,17,5,520,60,8.336.363.636.363.630,6.389.408.850.163.320,274,60,6.616.666.666.666.660,12.400.268.814.290.500,91,60,104.0,9.506.839.643.120.100,274,0,1.8,39.944.405.810.520.600,13,0,3.6,6.426.507.605.223.850,15,0,4.25,5.965.176.722.724.420,13,2,0,0,0,10,3,0,2,1,5,2,0,1,1,5,1,0,1
53123,53,6,4,15,11,862,1744233545454,1744233545469,15,6,397,14,5,465,60,7.836.363.636.363.630,4.754.423.777.340.990,219,60,6.616.666.666.666.660,12.400.268.814.290.500,91,60,93.0,7.048.404.074.682.430,219,0,1.5,37.193.189.340.702.300,12,0,3.0,5.612.486.080.160.910,13,0,35.000.000.000.000.000,5.686.240.703.077.320,12,2,0,0,0,10,3,0,2,1,5,2,0,1,1,5,1,0,1
53124,443,6,6,560837,59,9046,1744233545482,1744234106301,560819,32,5166,560818,27,3880,74,15.332.203.389.830.500,1.551.161.345.437.400,676,74,16.143.750.000.000.000,16.573.335.317.563.100,597,74,14.370.370.370.370.300,14.404.054.312.129.600,676,0,9.669.603.448.275.860,1.828.659.211.912.420,45024,0,18.090.935.483.870.900,2.187.341.756.095.050,45042,0,21.569.923.076.923.000,22.287.099.217.122.100,45042,2,0,0,0,58,21,0,0,1,31,12,0,0,1,27,9,0,0
53125,53,6,6,7,9,816,1744233547086,1744233547093,7,5,431,7,4,385,74,9.066.666.666.666.660,27.654.113.618.049.600,151,74,86.2,212.179.169.571.379,123,74,96.25,3.693.575.503.492.510,151,0,875,14.577.379.737.113.200,4,0,1.75,2.362.907.813.126.300,5,1,23.333.333.333.333.300,15.275.252.316.519.400,4,2,0,0,0,8,2,0,2,1,4,1,0,1,1,4,1,0,1
53126,53,6,6,8,11,952,1744233547086,1744233547094,8,6,505,8,5,447,74,8.654.545.454.545.450,22.348.886.488.429.900,139,74,8.416.666.666.666.660,18.637.775.260.654.500,121,74,89.4,28.209.927.330.640.100,139,0,7.999.999.999.999.990,15.491.933.384.829.600,5,0,1.6,25.099.800.796.022.200,6,1,19.999.999.999.999.900,2.0,5,2,0,0,0,10,3,0,2,1,5,2,0,1,1,5,1,0,1
53127,53,6,6,21,12,1067,1744233547086,1744233547107,21,7,579,21,5,488,74,8.891.666.666.666.660,31.718.816.707.647.400,180,74,8.271.428.571.428.570,17.442.422.287.001.700,121,74,97.6,46.355.150.738.618.000,180,0,19.090.909.090.909.000,3.935.849.221.058.790,12,0,3.5,5.394.441.583.704.470,13,0,5.25,9.215.023.964.519.390,19,2,0,0,0,11,3,0,2,1,6,2,0,1,1,5,1,0,1
53128,443,6,6,240429,53,7956,1744233547100,1744233787529,240429,18,3908,240417,35,4048,74,1.501.132.075.471.690,22.901.365.934.886.900,1466,74,21.711.111.111.111.100,34.551.596.351.797.000,1466,74,11.565.714.285.714.200,13.009.339.243.905.700,688,0,4.623.634.615.384.610,13.464.853.983.071.800,45024,1,14.142.882.352.941.100,20.861.639.811.153.200,45040,0,7.071.088.235.294.110,16.202.932.223.160.700,45039,2,0,0,0,52,13,0,2,1,17,5,0,1,1,35,8,0,1
53129,53,6,6,22,9,820,1744233547283,1744233547305,22,5,421,22,4,399,74,911.111.111.111.111,30.526.400.231.784.700,165,74,84.2,1.691.744.661.584.600,113,74,99.75,4.386.627.406.105.970,165,0,2.75,698.467.710.676.122,20,0,5.5,9.678.154.093.971.980,20,1,7.333.333.333.333.330,1.096.965.511.460.280,20,2,0,0,0,8,2,0,2,1,4,1,0,1,1,4,1,0,1
53130,53,6,6,27,9,808,1744233547283,1744233547310,27,5,421,27,4,387,74,8.977.777.777.777.770,2.694.799.518.414.020,153,74,84.2,1.691.744.661.584.600,113,74,96.75,379.242.666.376.029,153,0,3.375,8.749.489.781.042.740,25,0,6.75,1.284.198.842.339.710,26,1,9.0,13.856.406.460.551.000,25,2,0,0,0,8,2,0,2,1,4,1,0,1,1,4,1,0,1
53131,53,6,6,24,9,842,1744233547283,1744233547307,24,5,421,23,4,421,74,9.355.555.555.555.550,37.309.888.471.794.900,187,74,84.2,1.691.744.661.584.600,113,74,105.25,5.479.279.149.669.230,187,0,3.0,7.690.439.333.539.860,22,0,6.0,10.677.078.252.031.300,22,0,7.666.666.666.666.660,12.423.096.769.056.100,22,2,0,0,0,8,2,0,2,1,4,1,0,1,1,4,1,0,1
53132,443,6,6,240798,38,5430,1744233547310,1744233788108,240798,17,2465,240788,21,2965,74,14.289.473.684.210.500,15.677.041.045.162.800,688,74,14.500.000.000.000.000,15.190.951.253.953.700,591,74,1.411.904.761.904.760,16.431.482.557.810.100,688,0,6.508.054.054.054.050,15.627.121.786.507.200,45024,1,15.049.875,21.197.205.765.147.400,45041,0,12039.4,19.820.941.106.766.200,45040,2,0,0,0,37,13,0,2,1,16,6,0,1,1,21,7,0,1
53045,443,6,6,17,2,148,1744233549621,1744233549621,0,1,74,0,1,74,74,74.0,0.0,74,74,74.0,0.0,74,74,74.0,0.0,74,17,17.0,0.0,17,0,0.0,0.0,0,0,0.0,0.0,0,0,0,0,0,1,0,1,1,0,1,0,0,1,0,0,0,1,0
53044,443,6,6,12,2,148,1744233549621,1744233549621,0,1,74,0,1,74,74,74.0,0.0,74,74,74.0,0.0,74,74,74.0,0.0,74,12,12.0,0.0,12,0,0.0,0.0,0,0,0.0,0.0,0,0,0,0,0,1,0,1,1,0,1,0,0,1,0,0,0,1,0
53043,443,6,6,14,2,148,1744233549621,1744233549621,0,1,74,0,1,74,74,74.0,0.0,74,74,74.0,0.0,74,74,74.0,0.0,74,14,14.0,0.0,14,0,0.0,0.0,0,0,0.0,0.0,0,0,0,0,0,1,0,1,1,0,1,0,0,1,0,0,0,1,0
53133,80,6,6,20183,53,7839,1744233549626,1744233569809,20183,22,2749,20165,31,5090,74,14.790.566.037.735.800,12.774.783.817.995.300,551,74,12.495.454.545.454.500,9.292.315.169.650.730,493,74,16.419.354.838.709.600,14.690.959.109.938.700,551,0,3.881.346.153.846.150,15.403.579.292.329.500,9955,0,9.610.952.380.952.380,234.669.878.562.976,9968,0,6.721.666.666.666.660,1.998.774.401.776.090,9968,2,0,0,0,52,28,0,2,1,21,11,0,1,1,31,17,0,1
53052,443,6,4,12,3,180,1744233555107,1744233555119,12,2,120,0,1,60,60,60.0,0.0,60,60,60.0,0.0,60,60,60.0,0.0,60,0,6.0,848.528.137.423.857,12,12,12.0,0.0,12,0,0.0,0.0,0,0,0,0,0,3,0,0,2,0,2,0,0,1,0,1,0,0,1
58420,443,17,6,17,2,1394,1744233555465,1744233555465,0,1,1292,0,1,102,102,697.0,8.414.570.696.119.910,1292,1292,1292.0,0.0,1292,102,102.0,0.0,102,17,17.0,0.0,17,0,0.0,0.0,0,0,0.0,0.0,0,0,0,0,0,0,0,0,0,0,0,0,0,0,0,0,0,0,0
0,0,58,6,0,1,150,1744233555482,1744233555482,0,1,150,0,0,0,150,150.0,0.0,150,150,150.0,0.0,150,0,0.0,0.0,0,0,0.0,0.0,0,0,0.0,0.0,0,0,0.0,0.0,0,0,0,0,0,0,0,0,0,0,0,0,0,0,0,0,0,0,0
53065,443,6,6,3,5,394,1744233555498,1744233555501,3,3,222,0,2,172,74,78.8,1.073.312.629.199.890,98,74,74.0,0.0,74,74,86.0,1.697.056.274.847.710,98,0,0.75,1.5,3,0,1.5,21.213.203.435.596.400,3,0,0.0,0.0,0,0,0,0,0,4,1,2,2,0,2,0,2,1,0,2,1,0,1
53053,443,6,6,3,5,394,1744233555498,1744233555501,3,3,222,0,2,172,74,78.8,1.073.312.629.199.890,98,74,74.0,0.0,74,74,86.0,1.697.056.274.847.710,98,0,0.75,1.5,3,0,1.5,21.213.203.435.596.400,3,0,0.0,0.0,0,0,0,0,0,4,1,2,2,0,2,0,2,1,0,2,1,0,1
53050,443,6,4,26746,11,710,1744233557657,1744233584403,26746,6,385,26586,5,325,60,6.454.545.454.545.450,10.112.997.936.948.600,85,60,6.416.666.666.666.660,10.206.207.261.596.500,85,60,65.0,11.180.339.887.498.900,85,0,26.745.999.999.999.900,834.565.638.454.453,26426,0,5.349.199.999.999.990,11.871.934.265.316.600,26586,0,6646.5,13293.0,26586,0,0,0,0,9,2,3,2,0,4,1,3,1,0,5,1,0,1
0,0,58,6,26,3,242,1744233570110,1744233570136,26,3,242,0,0,0,70,8.066.666.666.666.660,9.237.604.307.034.010,86,70,8.066.666.666.666.660,9.237.604.307.034.010,86,0,0.0,0.0,0,2,13.0,15.556.349.186.104.000,24,2,13.0,15.556.349.186.104.000,24,0,0.0,0.0,0,0,0,0,0,0,0,0,0,0,0,0,0,0,0,0,0,0,0
0,0,58,6,0,1,86,1744233570121,1744233570121,0,1,86,0,0,0,86,86.0,0.0,86,86,86.0,0.0,86,0,0.0,0.0,0,0,0.0,0.0,0,0,0.0,0.0,0,0,0.0,0.0,0,0,0,0,0,0,0,0,0,0,0,0,0,0,0,0,0,0,0
0,0,58,6,0,1,86,1744233570123,1744233570123,0,1,86,0,0,0,86,86.0,0.0,86,86,86.0,0.0,86,0,0.0,0.0,0,0,0.0,0.0,0,0,0.0,0.0,0,0,0.0,0.0,0,0,0,0,0,0,0,0,0,0,0,0,0,0,0,0,0,0,0
0,0,58,6,0,1,86,1744233570140,1744233570140,0,1,86,0,0,0,86,86.0,0.0,86,86,86.0,0.0,86,0,0.0,0.0,0,0,0.0,0.0,0,0,0.0,0.0,0,0,0.0,0.0,0,0,0,0,0,0,0,0,0,0,0,0,0,0,0,0,0,0,0
0,0,58,6,0,1,86,1744233570152,1744233570152,0,1,86,0,0,0,86,86.0,0.0,86,86,86.0,0.0,86,0,0.0,0.0,0,0,0.0,0.0,0,0,0.0,0.0,0,0,0.0,0.0,0,0,0,0,0,0,0,0,0,0,0,0,0,0,0,0,0,0,0
49660,123,17,4,224,2,180,1744233570945,1744233570945,0,1,90,0,1,90,90,90.0,0.0,90,90,90.0,0.0,90,90,90.0,0.0,90,224,224.0,0.0,224,0,0.0,0.0,0,0,0.0,0.0,0,0,0,0,0,0,0,0,0,0,0,0,0,0,0,0,0,0,0
53139,80,6,6,60628,17,2937,1744233584463,1744233645091,60628,9,1529,60615,8,1408,74,17.276.470.588.235.200,1.349.428.255.835.430,361,74,16.988.888.888.888.800,1.408.939.711.666.580,361,74,176.0,1.375.219.463.005.290,343,0,37.892.499.999.999.900,14.987.334.695.224.000,59990,1,7.578.500.000.000.000,21.178.057.431.488.500,59990,0,8.659.285.714.285.710,22.658.950.304.565.300,60043,2,0,0,0,16,6,0,2,1,8,3,0,1,1,8,3,0,1
53140,80,6,4,5770,11,3543,1744233584508,1744233590041,5533,6,745,5533,5,2798,60,32.209.090.909.090.900,7.482.091.224.444.470,2552,60,12.416.666.666.666.600,1.542.548.756.657.840,439,60,559.6,11.137.884.897.950.700,2552,0,577.0,1.563.496.437.831.280,5016,0,1106.6,218.919.763.840.545,5016,0,1383.25,24.517.352.188.467.100,5057,2,0,0,0,10,2,0,2,1,5,1,0,1,1,5,1,0,1
49584,123,17,4,210,2,180,1744233601022,1744233601022,0,1,90,0,1,90,90,90.0,0.0,90,90,90.0,0.0,90,90,90.0,0.0,90,210,210.0,0.0,210,0,0.0,0.0,0,0,0.0,0.0,0,0,0,0,0,0,0,0,0,0,0,0,0,0,0,0,0,0,0
53064,443,6,6,3,5,394,1744233604904,1744233604907,3,3,222,0,2,172,74,78.8,1.073.312.629.199.890,98,74,74.0,0.0,74,74,86.0,1.697.056.274.847.710,98,0,0.75,1.5,3,0,1.5,21.213.203.435.596.400,3,0,0.0,0.0,0,0,0,0,0,4,1,2,2,0,2,0,2,1,0,2,1,0,1
53078,443,6,4,216,2,120,1744233606194,1744233606194,0,1,60,0,1,60,60,60.0,0.0,60,60,60.0,0.0,60,60,60.0,0.0,60,216,216.0,0.0,216,0,0.0,0.0,0,0,0.0,0.0,0,0,0,0,0,1,0,1,0,0,1,0,0,0,0,0,0,1,0
53111,443,6,4,209,3,180,1744233606231,1744233606440,209,2,120,0,1,60,60,60.0,0.0,60,60,60.0,0.0,60,60,60.0,0.0,60,0,104.5,14.778.531.726.798.800,209,209,209.0,0.0,209,0,0.0,0.0,0,0,0,0,0,3,0,0,2,0,2,0,0,1,0,1,0,0,1
53141,53,6,4,13,11,841,1744233608678,1744233608691,13,6,403,13,5,438,60,7.645.454.545.454.540,39.858.157.600.078.900,192,60,6.716.666.666.666.660,14.811.031.924.436.100,97,60,87.6,5.841.917.493.426.280,192,0,1.3,30.930.028.559.098.700,10,0,2.6,5.272.570.530.585.620,12,1,3.25,4.5,10,2,0,0,0,10,3,0,2,1,5,2,0,1,1,5,1,0,1
53142,53,6,4,14,11,764,1744233608678,1744233608692,14,6,403,13,5,361,60,6.945.454.545.454.540,18.662.066.532.748.300,115,60,6.716.666.666.666.660,14.811.031.924.436.100,97,60,72.2,24.066.574.330.386.100,115,0,1.4,340.587.727.318.528,11,0,2.8,4.604.345.773.288.530,11,0,3.25,5.188.127.472.091.120,11,2,0,0,0,10,3,0,2,1,5,2,0,1,1,5,1,0,1
53143,53,6,4,16,11,841,1744233608678,1744233608694,16,6,403,15,5,438,60,7.645.454.545.454.540,39.858.157.600.078.900,192,60,6.716.666.666.666.660,14.811.031.924.436.100,97,60,87.6,5.841.917.493.426.280,192,0,15.999.999.999.999.900,4.033.195.589.934.440,13,0,3.2,6.058.052.492.344.380,14,0,3.75,618.465.843.842.649,13,2,0,0,0,10,3,0,2,1,5,2,0,1,1,5,1,0,1
53425,53,17,6,7,2,338,1744233807551,1744233807551,0,1,111,0,1,227,111,169.0,8.202.438.661.763.950,227,111,111.0,0.0,111,227,227.0,0.0,227,7,7.0,0.0,7,0,0.0,0.0,0,0,0.0,0.0,0,0,0,0,0,0,0,0,0,0,0,0,0,0,0,0,0,0,0
53431,53,17,6,11,2,289,1744233870911,1744233870911,0,1,106,0,1,183,106,144.5,5.444.722.215.136.410,183,106,106.0,0.0,106,183,183.0,0.0,183,11,11.0,0.0,11,0,0.0,0.0,0,0,0.0,0.0,0,0,0,0,0,0,0,0,0,0,0,0,0,0,0,0,0,0,0
55850,53,17,6,1,2,214,1744233875845,1744233875845,0,1,107,0,1,107,107,107.0,0.0,107,107,107.0,0.0,107,107,107.0,0.0,107,1,1.0,0.0,1,0,0.0,0.0,0,0,0.0,0.0,0,0,0,0,0,0,0,0,0,0,0,0,0,0,0,0,0,0,0
64578,53,17,6,1,2,214,1744233880764,1744233880764,0,1,107,0,1,107,107,107.0,0.0,107,107,107.0,0.0,107,107,107.0,0.0,107,1,1.0,0.0,1,0,0.0,0.0,0,0,0.0,0.0,0,0,0,0,0,0,0,0,0,0,0,0,0,0,0,0,0,0,0
53179,443,6,4,0,1,60,1744234117968,1744234117968,0,1,60,0,0,0,60,60.0,0.0,60,60,60.0,0.0,60,0,0.0,0.0,0,0,0.0,0.0,0,0,0.0,0.0,0,0,0.0,0.0,0,0,0,0,0,1,0,0,0,0,1,0,0,0,0,0,0,0,0
36373,1900,17,4,780,4,698,1744234119886,1744234120666,780,4,698,0,0,0,174,174.5,5.773.502.691.896.210,175,174,174.5,5.773.502.691.896.210,175,0,0.0,0.0,0,260,260.0,0.0,260,260,260.0,0.0,260,0,0.0,0.0,0,0,0,0,0,0,0,0,0,0,0,0,0,0,0,0,0,0,0
443,50212,6,6,195,3,723,1744233960773,1744233960968,195,2,515,0,1,208,74,241.0,1.857.121.428.447.800,441,74,257.5,25.950.818.869.546.200,441,208,208.0,0.0,208,4,97.5,13.222.896.808.188.400,191,195,195.0,0.0,195,0,0.0,0.0,0,0,0,0,0,3,2,0,0,0,2,1,0,0,0,1,1,0,0
53220,443,6,4,862,18,4776,1744234157171,1744234157873,702,11,1727,701,7,3049,60,2.653.333.333.333.330,4.751.748.904.041.410,2093,60,157.0,14.922.332.257.391.900,571,60,4.355.714.285.714.280,739.798.363.777.333,2093,0,50.705.882.352.941.100,7.417.105.627.018.730,163,0,70.2,8.037.246.626.384.760,165,0,11.683.333.333.333.300,9.150.173.040.258.120,201,2,0,0,0,17,11,0,0,1,10,7,0,0,1,7,4,0,0
53221,443,6,4,855,21,5048,1744234157184,1744234157840,656,11,1702,694,10,3346,60,24.038.095.238.095.200,3.150.899.040.258.940,1354,60,15.472.727.272.727.200,1.487.125.353.889.780,571,60,33.459.999.999.999.900,4.209.782.786.689.960,1354,0,42.75,7.465.631.781.352.250,199,0,6.560.000.000.000.000,8.260.642.966.635.350,165,0,771.111.111.111.111,9.206.172.446.305.310,199,2,0,0,0,20,13,0,0,1,10,7,0,0,1,10,6,0,0
53222,443,6,4,859,19,4880,1744234161176,1744234161835,659,11,1822,699,8,3058,60,25.684.210.526.315.700,4.625.158.571.645.460,2091,60,16.563.636.363.636.300,1.541.072.825.840.960,571,60,382.25,6.964.979.232.868.220,2091,0,4.772.222.222.222.220,7.764.989.720.500.410,200,0,6.589.999.999.999.990,8.277.607.007.932.770,165,0,9.985.714.285.714.280,9.418.143.584.137.400,200,2,0,0,0,18,12,0,0,1,10,7,0,0,1,8,5,0,0
53144,443,6,4,570551,70,12251,1744233608694,1744234179222,570528,34,4067,570534,36,8184,60,17.501.428.571.428.500,40.195.682.560.199.500,2878,60,11.961.764.705.882.300,13.486.491.888.482.700,663,60,22.733.333.333.333.300,5.436.694.899.345.680,2878,0,8.268.855.072.463.760,1.716.200.466.769.480,45024,0,17.288.727.272.727.200,21.581.268.002.125.000,45047,0,16.300.971.428.571.400,21.329.246.378.796.200,45047,2,0,0,0,69,27,0,0,1,33,17,0,0,1,36,10,0,0
443,53106,6,4,0,1,60,1744233617652,1744233617652,0,1,60,0,0,0,60,60.0,0.0,60,60,60.0,0.0,60,0,0.0,0.0,0,0,0.0,0.0,0,0,0.0,0.0,0,0,0.0,0.0,0,0,0,0,0,1,0,1,0,0,1,0,1,0,0,0,0,0,0
49606,123,17,4,212,2,180,1744233631096,1744233631096,0,1,90,0,1,90,90,90.0,0.0,90,90,90.0,0.0,90,90,90.0,0.0,90,212,212.0,0.0,212,0,0.0,0.0,0,0,0.0,0.0,0,0,0,0,0,0,0,0,0,0,0,0,0,0,0,0,0,0,0
53112,443,6,4,179,3,180,1744233633893,1744233634072,179,2,120,0,1,60,60,60.0,0.0,60,60,60.0,0.0,60,60,60.0,0.0,60,0,89.5,126.572.113.832.392,179,179,179.0,0.0,179,0,0.0,0.0,0,0,0,0,0,3,0,0,2,0,2,0,0,1,0,1,0,0,1
53136,80,6,6,23,3,222,1744233645079,1744233645102,23,2,148,0,1,74,74,74.0,0.0,74,74,74.0,0.0,74,74,74.0,0.0,74,0,11.5,16.263.455.967.290.500,23,23,23.0,0.0,23,0,0.0,0.0,0,0,0,0,0,3,0,0,2,0,2,0,0,1,0,1,0,0,1
53138,80,6,6,13,3,222,1744233645079,1744233645092,13,2,148,0,1,74,74,74.0,0.0,74,74,74.0,0.0,74,74,74.0,0.0,74,0,6.5,9.192.388.155.425.110,13,13,13.0,0.0,13,0,0.0,0.0,0,0,0,0,0,3,0,0,2,0,2,0,0,1,0,1,0,0,1
53135,80,6,6,10,3,222,1744233645079,1744233645089,10,2,148,0,1,74,74,74.0,0.0,74,74,74.0,0.0,74,74,74.0,0.0,74,0,5.0,70.710.678.118.654.700,10,10,10.0,0.0,10,0,0.0,0.0,0,0,0,0,0,3,0,0,2,0,2,0,0,1,0,1,0,0,1
53137,80,6,6,13,3,222,1744233645079,1744233645092,13,2,148,0,1,74,74,74.0,0.0,74,74,74.0,0.0,74,74,74.0,0.0,74,0,6.5,9.192.388.155.425.110,13,13,13.0,0.0,13,0,0.0,0.0,0,0,0,0,0,3,0,0,2,0,2,0,0,1,0,1,0,0,1
53107,443,6,4,163,3,180,1744233659517,1744233659680,163,2,120,0,1,60,60,60.0,0.0,60,60,60.0,0.0,60,60,60.0,0.0,60,0,81.5,11.525.840.533.340.700,163,163,163.0,0.0,163,0,0.0,0.0,0,0,0,0,0,3,0,0,2,0,2,0,0,1,0,1,0,0,1
49624,123,17,4,212,2,180,1744233661178,1744233661178,0,1,90,0,1,90,90,90.0,0.0,90,90,90.0,0.0,90,90,90.0,0.0,90,212,212.0,0.0,212,0,0.0,0.0,0,0,0.0,0.0,0,0,0,0,0,0,0,0,0,0,0,0,0,0,0,0,0,0,0
443,53134,6,6,5259,8,655,1744233670220,1744233675479,5259,4,359,5256,4,296,74,81.875,15.122.712.341.753.600,113,74,89.75,19.189.841.062.395.400,113,74,74.0,0.0,74,0,7.512.857.142.857.140,18.792.979.818.969.300,5008,0,1753.0,28.217.049.810.354.000,5008,0,1752.0,28.225.038.529.645.900,5008,0,0,0,0,8,2,0,2,0,4,2,0,1,0,4,0,0,1
53146,80,6,6,20180,50,8838,1744233675481,1744233695661,20180,24,2876,20163,26,5962,74,17.676.000.000.000.000,24.346.583.886.425.900,1393,74,11.983.333.333.333.300,8.943.380.679.084.080,493,74,22.930.769.230.769.200,3.206.851.127.484.110,1393,0,4.118.367.346.938.770,27.539.871.879.009.200,19295,0,877.391.304.347.826,4.015.251.059.048.940,19295,0,806.52,3.871.638.037.489.210,19389,2,0,0,0,49,27,0,2,1,23,12,0,1,1,26,15,0,1
443,53063,6,6,3,6,468,1744233686234,1744233686237,3,3,246,0,3,222,74,78.0,9.797.958.971.132.710,98,74,82.0,13.856.406.460.551.000,98,74,74.0,0.0,74,0,0.6,13.416.407.864.998.700,3,0,1.5,21.213.203.435.596.400,3,0,0.0,0.0,0,0,0,0,0,6,1,0,2,0,3,1,0,1,0,3,0,0,1
49644,123,17,4,212,2,180,1744233691250,1744233691250,0,1,90,0,1,90,90,90.0,0.0,90,90,90.0,0.0,90,90,90.0,0.0,90,212,212.0,0.0,212,0,0.0,0.0,0,0,0.0,0.0,0,0,0,0,0,0,0,0,0,0,0,0,0,0,0,0,0,0,0
57396,53,17,4,4,2,252,1744233692161,1744233692161,0,1,76,0,1,176,76,126.0,7.071.067.811.865.470,176,76,76.0,0.0,76,176,176.0,0.0,176,4,4.0,0.0,4,0,0.0,0.0,0,0,0.0,0.0,0,0,0,0,0,0,0,0,0,0,0,0,0,0,0,0,0,0,0
57397,53,17,4,6,2,292,1744233692161,1744233692161,0,1,76,0,1,216,76,146.0,9.899.494.936.611.660,216,76,76.0,0.0,76,216,216.0,0.0,216,6,6.0,0.0,6,0,0.0,0.0,0,0,0.0,0.0,0,0,0,0,0,0,0,0,0,0,0,0,0,0,0,0,0,0,0
53153,443,6,4,65652,32,8229,1744233692167,1744233757571,65404,15,2818,65404,17,5411,60,25.715.625,6.488.954.938.163.470,3587,60,18.786.666.666.666.600,31.737.761.795.840.600,1235,60,3.182.941.176.470.580,8.480.590.902.692.070,3587,0,2.117.806.451.612.900,9.902.169.669.385.100,54635,0,4.671.714.285.714.280,14.620.914.137.624.200,54635,0,40.877.500.000.000.000,13.760.641.407.046.800,54883,2,0,0,0,29,14,2,2,1,14,7,0,1,1,15,7,2,1
53154,443,6,4,323,7,426,1744233692837,1744233693160,323,4,246,162,3,180,60,60.857.142.857.142.800,22.677.868.380.553.600,66,60,61.5,3.0,66,60,60.0,0.0,60,0,5.383.333.333.333.330,830.118.465.441.329,161,1,10.766.666.666.666.600,9.237.604.307.034.010,161,0,81.0,1.145.512.985.522.200,162,2,0,0,0,6,0,0,2,1,3,0,0,1,1,3,0,0,1
53155,443,6,4,323,7,426,1744233693055,1744233693378,323,4,246,161,3,180,60,60.857.142.857.142.800,22.677.868.380.553.600,66,60,61.5,3.0,66,60,60.0,0.0,60,0,5.383.333.333.333.330,8.339.884.091.920.380,162,0,10.766.666.666.666.600,932.434.090.610.877,162,0,80.5,11.384.419.177.103.400,161,2,0,0,0,6,0,0,2,1,3,0,0,1,1,3,0,0,1
53039,443,6,4,19324,8,648,1744233693831,1744233713155,19324,8,648,0,0,0,60,81.0,848.528.137.423.857,84,60,81.0,848.528.137.423.857,84,0,0.0,0.0,0,356,27.605.714.285.714.200,3.410.831.514.315.470,9605,356,27.605.714.285.714.200,3.410.831.514.315.470,9605,0,0.0,0.0,0,0,0,0,0,8,7,1,0,0,8,7,1,0,0,0,0,0,0
57398,53,17,4,8,2,262,1744233713163,1744233713163,0,1,90,0,1,172,90,131.0,57.982.756.057.296.800,172,90,90.0,0.0,90,172,172.0,0.0,172,8,8.0,0.0,8,0,0.0,0.0,0,0,0.0,0.0,0,0,0,0,0,0,0,0,0,0,0,0,0,0,0,0,0,0,0
57399,53,17,4,7,2,500,1744233713163,1744233713163,0,1,90,0,1,410,90,250.0,22.627.416.997.969.500,410,90,90.0,0.0,90,410,410.0,0.0,410,7,7.0,0.0,7,0,0.0,0.0,0,0,0.0,0.0,0,0,0,0,0,0,0,0,0,0,0,0,0,0,0,0,0,0,0
53145,443,6,6,10,3,222,1744233713907,1744233713917,10,2,148,0,1,74,74,74.0,0.0,74,74,74.0,0.0,74,74,74.0,0.0,74,0,5.0,70.710.678.118.654.700,10,10,10.0,0.0,10,0,0.0,0.0,0,0,0,0,0,3,0,0,2,0,2,0,0,1,0,1,0,0,1
49662,123,17,4,225,2,180,1744233721323,1744233721323,0,1,90,0,1,90,90,90.0,0.0,90,90,90.0,0.0,90,90,90.0,0.0,90,225,225.0,0.0,225,0,0.0,0.0,0,0,0.0,0.0,0,0,0,0,0,0,0,0,0,0,0,0,0,0,0,0,0,0,0
53159,443,6,6,41,23,4952,1744233747628,1744233747669,41,11,1414,37,12,3538,74,215.304.347.826.087,28.809.506.555.722.000,1100,74,12.854.545.454.545.400,6.967.261.102.666.330,277,74,2.948.333.333.333.330,38.361.126.946.507.400,1100,0,18.636.363.636.363.600,3.196.656.803.382.980,14,0,4.1,6.806.043.066.438.980,23,0,33.636.363.636.363.600,458.852.323.242.952,14,2,0,0,0,21,13,2,2,1,9,5,2,1,1,12,8,0,1
49608,123,17,4,205,2,180,1744233751402,1744233751402,0,1,90,0,1,90,90,90.0,0.0,90,90,90.0,0.0,90,90,90.0,0.0,90,205,205.0,0.0,205,0,0.0,0.0,0,0,0.0,0.0,0,0,0,0,0,0,0,0,0,0,0,0,0,0,0,0,0,0,0
53160,53,6,6,20,11,960,1744233757454,1744233757474,20,6,503,20,5,457,74,8.727.272.727.272.720,24.503.432.041.617.700,149,74,8.383.333.333.333.330,178.484.359.725.626,119,74,91.4,3.261.594.701.982.450,149,0,19.999.999.999.999.900,56.371.781.750.959.200,18,0,4.0,7.842.193.570.679.060,18,0,5.0,8.679.477.710.861.020,18,2,0,0,0,10,3,0,2,1,5,2,0,1,1,5,1,0,1
53161,53,6,6,23,11,948,1744233757454,1744233757477,23,6,503,23,5,445,74,8.618.181.818.181.810,21.572.288.621.368.700,137,74,8.383.333.333.333.330,178.484.359.725.626,119,74,89.0,27.331.300.737.432.800,137,0,2.3,6.583.649.781.424.010,21,0,4.6,9.181.503.144.910.420,21,0,5.75,10.177.589.760.514.600,21,2,0,0,0,10,3,0,2,1,5,2,0,1,1,5,1,0,1
53162,53,6,6,26,11,989,1744233757454,1744233757480,26,6,503,25,5,486,74,8.990.909.090.909.090,3.216.972.037.632.450,178,74,8.383.333.333.333.330,178.484.359.725.626,119,74,97.2,4.546.647.116.282.500,178,0,2.6,7.183.313.998.427.180,23,0,5.2,11.077.003.204.838.300,25,0,6.25,11.176.612.486.199.300,23,2,0,0,0,10,3,0,2,1,5,2,0,1,1,5,1,0,1
53163,443,6,6,240236,35,7786,1744233757480,1744233997716,240236,17,2946,240225,18,4840,74,22.245.714.285.714.200,3.308.712.512.049.800,1294,74,1.732.941.176.470.580,23.800.729.104.007.500,958,74,26.888.888.888.888.800,4.011.690.107.216.640,1294,0,7.065.764.705.882.350,16.200.384.221.142.900,45024,1,15014.75,2.122.292.744.023.150,45035,0,14.130.882.352.941.100,20.869.886.220.588.100,45039,2,0,0,0,34,13,0,2,1,16,6,0,1,1,18,7,0,1
53164,53,6,4,14,9,1027,1744233778770,1744233778784,14,5,350,14,4,677,60,11.411.111.111.111.100,14.204.615.838.209.400,491,60,70.0,19.183.326.093.250.800,104,60,169.25,2.145.186.472.081.150,491,0,17.499.999.999.999.900,37.701.837.772.561.800,11,0,3.5,63.508.529.610.858.800,13,1,4.666.666.666.666.660,5.507.570.547.286.100,11,2,0,0,0,8,2,0,2,1,4,1,0,1,1,4,1,0,1
53165,53,6,4,15,9,1015,1744233778770,1744233778785,15,5,350,15,4,665,60,11.277.777.777.777.700,13.806.681.152.414.700,479,60,70.0,19.183.326.093.250.800,104,60,166.25,20.851.918.376.974.300,479,0,1.875,4.120.939.559.996.340,12,0,3.75,618.465.843.842.649,13,1,5.0,6.082.762.530.298.210,12,2,0,0,0,8,2,0,2,1,4,1,0,1,1,4,1,0,1
53166,53,6,4,16,11,1166,1744233778770,1744233778786,16,6,408,15,5,758,60,10.600.000.000.000.000,13.522.721.619.555.700,512,60,68.0,168.285.471.743.701,102,60,151.6,20.148.647.597.295.400,512,0,15.999.999.999.999.900,4.376.706.016.578.620,14,0,3.2,6.058.052.492.344.380,14,0,3.75,6.849.574.196.011.500,14,2,0,0,0,10,3,0,2,1,5,2,0,1,1,5,1,0,1
53167,443,6,6,125978,23,4197,1744233778786,1744233869811,91025,13,2844,125826,10,1353,74,18.247.826.086.956.500,1.840.187.415.270.560,661,74,21.876.923.076.923.000,23.058.084.404.612.900,661,74,13.530.000.000.000.000,8.666.288.453.285.840,356,0,5.726.272.727.272.720,14.710.156.563.155.700,45023,0,7.585.416.666.666.660,17.524.839.947.179.000,45174,0,13.980.666.666.666.600,2.101.653.934.404.990,45174,2,0,0,0,22,11,1,0,1,12,6,0,0,1,10,5,1,0
53168,53,6,4,24,11,1109,1744233779569,1744233779593,24,6,423,23,5,686,60,10.081.818.181.818.100,11.375.132.366.862.200,440,60,70.5,2.290.633.100.258.520,117,60,137.2,16.929.028.324.153.700,440,0,24.000.000.000.000.000,62.039.413.995.369.800,20,0,4.8,906.642.156.531.451,21,0,5.75,9.535.023.160.258.530,20,2,0,0,0,10,3,0,2,1,5,2,0,1,1,5,1,0,1
53169,53,6,4,13,9,979,1744233779570,1744233779583,13,5,365,13,4,614,60,10.877.777.777.777.700,12.122.476.827.960.700,428,60,73.0,2.584.569.596.664.010,119,60,153.5,1.830.218.566.182.730,428,0,16.249.999.999.999.900,3.814.914.340.921.880,11,0,32.500.000.000.000.000,5.852.349.955.359.810,12,1,4.333.333.333.333.330,5.773.502.691.896.250,11,2,0,0,0,8,2,0,2,1,4,1,0,1,1,4,1,0,1
53170,53,6,4,16,11,1154,1744233779570,1744233779586,16,6,423,15,5,731,60,1.049.090.909.090.900,12.718.526.215.364.300,485,60,70.5,2.290.633.100.258.520,117,60,146.2,1.894.127.767.601.750,485,0,15.999.999.999.999.900,4.376.706.016.578.620,14,0,3.2,6.058.052.492.344.380,14,0,3.75,6.849.574.196.011.500,14,2,0,0,0,10,3,0,2,1,5,2,0,1,1,5,1,0,1
53171,443,6,6,234581,38,6970,1744233779592,1744234014025,234433,22,3952,234430,16,3018,74,18.342.105.263.157.900,24.106.359.277.382.400,1047,74,17.963.636.363.636.300,24.476.004.682.031.000,1047,74,188.625,24.376.570.034.905.700,987,0,63.400.270.270.270.200,14.616.710.658.402.900,44984,0,1.116.347.619.047.610,1.812.416.049.261.050,44984,0,15.628.666.666.666.600,20.000.090.887.888.700,45171,2,0,0,0,37,19,0,2,1,21,9,0,1,1,16,10,0,1
53172,53,6,4,23,11,914,1744233780411,1744233780434,23,6,397,22,5,517,60,830.909.090.909.091,6.299.913.419.318.480,271,60,6.616.666.666.666.660,12.400.268.814.290.500,91,60,103.4,9.372.726.390.970.770,271,0,2.3,6.583.649.781.424.010,21,0,4.6,9.181.503.144.910.420,21,0,5.5,10.344.080.432.788.600,21,2,0,0,0,10,3,0,2,1,5,2,0,1,1,5,1,0,1
53173,53,6,4,15,11,917,1744233780411,1744233780426,15,6,397,14,5,520,60,8.336.363.636.363.630,6.389.408.850.163.320,274,60,6.616.666.666.666.660,12.400.268.814.290.500,91,60,104.0,9.506.839.643.120.100,274,0,1.5,37.490.739.597.339.900,12,0,3.0,50.990.195.135.927.800,12,0,3.5,5.744.562.646.538.020,12,2,0,0,0,10,3,0,2,1,5,2,0,1,1,5,1,0,1
53174,53,6,4,17,9,744,1744233780411,1744233780428,17,5,339,16,4,405,60,8.266.666.666.666.660,5.222.307.918.918.600,219,60,67.8,14.324.803.663.575.900,93,60,101.25,7.855.093.888.681.400,219,0,2.125,4.823.676.724.538.770,14,0,4.25,7.182.153.808.805.080,15,1,5.333.333.333.333.330,7.505.553.499.465.130,14,2,0,0,0,8,2,0,2,1,4,1,0,1,1,4,1,0,1
49614,123,17,4,206,2,180,1744233781477,1744233781477,0,1,90,0,1,90,90,90.0,0.0,90,90,90.0,0.0,90,90,90.0,0.0,90,206,206.0,0.0,206,0,0.0,0.0,0,0,0.0,0.0,0,0,0,0,0,0,0,0,0,0,0,0,0,0,0,0,0,0,0
53092,443,6,4,20287,8,648,1744233783409,1744233803696,20287,8,648,0,0,0,60,81.0,848.528.137.423.857,84,60,81.0,848.528.137.423.857,84,0,0.0,0.0,0,372,2.898.142.857.142.850,3.582.093.867.585.050,10086,372,2.898.142.857.142.850,3.582.093.867.585.050,10086,0,0.0,0.0,0,0,0,0,0,8,7,1,0,0,8,7,1,0,0,0,0,0,0
5353,5353,17,4,0,1,771,1744233789170,1744233789170,0,1,771,0,0,0,771,771.0,0.0,771,771,771.0,0.0,771,0,0.0,0.0,0,0,0.0,0.0,0,0,0.0,0.0,0,0,0.0,0.0,0,0,0,0,0,0,0,0,0,0,0,0,0,0,0,0,0,0,0
5353,5353,17,6,0,1,791,1744233789170,1744233789170,0,1,791,0,0,0,791,791.0,0.0,791,791,791.0,0.0,791,0,0.0,0.0,0,0,0.0,0.0,0,0,0.0,0.0,0,0,0.0,0.0,0,0,0,0,0,0,0,0,0,0,0,0,0,0,0,0,0,0,0
55690,53,17,4,1,2,180,1744233803700,1744233803700,0,1,90,0,1,90,90,90.0,0.0,90,90,90.0,0.0,90,90,90.0,0.0,90,1,1.0,0.0,1,0,0.0,0.0,0,0,0.0,0.0,0,0,0,0,0,0,0,0,0,0,0,0,0,0,0,0,0,0,0
55691,53,17,4,2,2,500,1744233803700,1744233803700,0,1,90,0,1,410,90,250.0,22.627.416.997.969.500,410,90,90.0,0.0,90,410,410.0,0.0,410,2,2.0,0.0,2,0,0.0,0.0,0,0,0.0,0.0,0,0,0,0,0,0,0,0,0,0,0,0,0,0,0,0,0,0,0
55692,53,17,4,2,2,193,1744233807108,1744233807108,0,1,76,0,1,117,76,96.5,28.991.378.028.648.400,117,76,76.0,0.0,76,117,117.0,0.0,117,2,2.0,0.0,2,0,0.0,0.0,0,0,0.0,0.0,0,0,0,0,0,0,0,0,0,0,0,0,0,0,0,0,0,0,0
55693,53,17,4,2,2,305,1744233807108,1744233807108,0,1,76,0,1,229,76,152.5,10.818.733.752.154.100,229,76,76.0,0.0,76,229,229.0,0.0,229,2,2.0,0.0,2,0,0.0,0.0,0,0,0.0,0.0,0,0,0,0,0,0,0,0,0,0,0,0,0,0,0,0,0,0,0
55694,53,17,4,8,2,298,1744233807565,1744233807565,0,1,91,0,1,207,91,149.0,8.202.438.661.763.950,207,91,91.0,0.0,91,207,207.0,0.0,207,8,8.0,0.0,8,0,0.0,0.0,0,0,0.0,0.0,0,0,0,0,0,0,0,0,0,0,0,0,0,0,0,0,0,0,0
55695,53,17,4,7,2,274,1744233807565,1744233807565,0,1,91,0,1,183,91,137.0,6.505.382.386.916.230,183,91,91.0,0.0,91,183,183.0,0.0,183,7,7.0,0.0,7,0,0.0,0.0,0,0,0.0,0.0,0,0,0,0,0,0,0,0,0,0,0,0,0,0,0,0,0,0,0
53180,443,6,4,322,6,366,1744233807573,1744233807895,322,4,246,161,2,120,60,61.0,24.494.897.427.831.700,66,60,61.5,3.0,66,60,60.0,0.0,60,0,64.4,8.818.333.175.833.170,161,0,10.733.333.333.333.300,9.295.339.333.952.970,161,161,161.0,0.0,161,2,0,0,0,5,0,0,2,1,3,0,0,1,1,2,0,0,1
53181,443,6,4,322,6,366,1744233807918,1744233808240,322,4,246,162,2,120,60,61.0,24.494.897.427.831.700,66,60,61.5,3.0,66,60,60.0,0.0,60,0,64.4,8.818.616.671.564.760,162,0,10.733.333.333.333.300,929.587.722.236.763,162,162,162.0,0.0,162,2,0,0,0,5,0,0,2,1,3,0,0,1,1,2,0,0,1
49648,123,17,4,206,2,180,1744233811546,1744233811546,0,1,90,0,1,90,90,90.0,0.0,90,90,90.0,0.0,90,90,90.0,0.0,90,206,206.0,0.0,206,0,0.0,0.0,0,0,0.0,0.0,0,0,0,0,0,0,0,0,0,0,0,0,0,0,0,0,0,0,0
49588,123,17,4,206,2,180,1744233841626,1744233841626,0,1,90,0,1,90,90,90.0,0.0,90,90,90.0,0.0,90,90,90.0,0.0,90,206,206.0,0.0,206,0,0.0,0.0,0,0,0.0,0.0,0,0,0,0,0,0,0,0,0,0,0,0,0,0,0,0,0,0,0
50350,443,6,6,179,3,439,1744233841707,1744233841886,179,2,191,0,1,248,74,14.633.333.333.333.300,906.329.594.205.846,248,74,95.5,30.405.591.591.021.500,117,248,248.0,0.0,248,40,89.5,700.035.713.374.682,139,179,179.0,0.0,179,0,0.0,0.0,0,0,0,0,0,3,2,0,0,0,2,1,0,0,0,1,1,0,0
0,0,58,6,0,2,172,1744233846839,1744233846839,0,1,86,0,1,86,86,86.0,0.0,86,86,86.0,0.0,86,86,86.0,0.0,86,0,0.0,0.0,0,0,0.0,0.0,0,0,0.0,0.0,0,0,0,0,0,0,0,0,0,0,0,0,0,0,0,0,0,0,0
53182,53,6,4,10,11,841,1744233848798,1744233848808,10,6,403,9,5,438,60,7.645.454.545.454.540,39.858.157.600.078.900,192,60,6.716.666.666.666.660,14.811.031.924.436.100,97,60,87.6,5.841.917.493.426.280,192,0,1.0,2.160.246.899.469.280,7,0,2.0,3.937.003.937.005.900,9,0,2.25,32.015.621.187.164.200,7,2,0,0,0,10,3,0,2,1,5,2,0,1,1,5,1,0,1
53183,53,6,4,14,11,764,1744233848798,1744233848812,14,6,403,13,5,361,60,6.945.454.545.454.540,18.662.066.532.748.300,115,60,6.716.666.666.666.660,14.811.031.924.436.100,97,60,72.2,24.066.574.330.386.100,115,0,1.4,340.587.727.318.528,11,0,2.8,5.167.204.273.105.520,12,0,3.25,5.188.127.472.091.120,11,2,0,0,0,10,3,0,2,1,5,2,0,1,1,5,1,0,1
53184,53,6,4,16,11,841,1744233848799,1744233848815,16,6,403,16,5,438,60,7.645.454.545.454.540,39.858.157.600.078.900,192,60,6.716.666.666.666.660,14.811.031.924.436.100,97,60,87.6,5.841.917.493.426.280,192,0,15.999.999.999.999.900,4.376.706.016.578.620,14,0,3.2,6.058.052.492.344.380,14,0,4.0,6.683.312.551.921.140,14,2,0,0,0,10,3,0,2,1,5,2,0,1,1,5,1,0,1
0,0,58,6,35518,4,328,1744233851814,1744233887332,35518,2,172,35517,2,156,78,82.0,4.618.802.153.517.000,86,86,86.0,0.0,86,78,78.0,0.0,78,0,11.839.333.333.333.300,2.050.546.084.176.920,35517,35518,35518.0,0.0,35518,35517,35517.0,0.0,35517,0,0,0,0,0,0,0,0,0,0,0,0,0,0,0,0,0,0
0,0,58,6,0,1,142,1744233862553,1744233862553,0,1,142,0,0,0,142,142.0,0.0,142,142,142.0,0.0,142,0,0.0,0.0,0,0,0.0,0.0,0,0,0.0,0.0,0,0,0.0,0.0,0,0,0,0,0,0,0,0,0,0,0,0,0,0,0,0,0,0,0
0,0,58,6,656,2,220,1744233862566,1744233863222,656,2,220,0,0,0,110,110.0,0.0,110,110,110.0,0.0,110,0,0.0,0.0,0,656,656.0,0.0,656,656,656.0,0.0,656,0,0.0,0.0,0,0,0,0,0,0,0,0,0,0,0,0,0,0,0,0,0,0,0
5353,53293,17,4,38931,10,1628,1744233870809,1744233909740,38931,10,1628,0,0,0,124,16.279.999.999.999.900,2.559.861.107.343.300,186,124,16.279.999.999.999.900,2.559.861.107.343.300,186,0,0.0,0.0,0,0,4.325.666.666.666.660,12.974.375.042.752.500,38924,0,4.325.666.666.666.660,12.974.375.042.752.500,38924,0,0.0,0.0,0,0,0,0,0,0,0,0,0,0,0,0,0,0,0,0,0,0,0
5353,5353,17,4,39019,3,514,1744233870809,1744233909828,39019,3,514,0,0,0,118,17.133.333.333.333.300,5.033.222.956.847.160,218,118,17.133.333.333.333.300,5.033.222.956.847.160,218,0,0.0,0.0,0,101,19509.5,27.447.763.925.318.200,38918,101,19509.5,27.447.763.925.318.200,38918,0,0.0,0.0,0,0,0,0,0,0,0,0,0,0,0,0,0,0,0,0,0,0,0
53296,1900,17,4,65851,6,792,1744233870810,1744233936661,65851,6,792,0,0,0,132,132.0,0.0,132,132,132.0,0.0,132,0,0.0,0.0,0,5035,13170.2,10.995.633.210.506.700,28564,5035,13170.2,10.995.633.210.506.700,28564,0,0.0,0.0,0,0,0,0,0,0,0,0,0,0,0,0,0,0,0,0,0,0,0
0,0,1,4,38919,7,732,1744233870818,1744233870818,0,1,66,38918,6,666,66,10.457.142.857.142.800,26.349.301.969.610.300,120,66,66.0,0.0,66,66,111.0,22.045.407.685.048.600,120,1,6.486.499.999.999.990,14.181.795.454.031.900,35402,0,0.0,0.0,0,7,7783.6,15.452.690.374.171.000,35402,0,0,0,0,0,0,0,0,0,0,0,0,0,0,0,0,0,0
62581,137,17,4,38910,2,184,1744233870826,1744233909736,38910,2,184,0,0,0,92,92.0,0.0,92,92,92.0,0.0,92,0,0.0,0.0,0,38910,38910.0,0.0,38910,38910,38910.0,0.0,38910,0,0.0,0.0,0,0,0,0,0,0,0,0,0,0,0,0,0,0,0,0,0,0,0
0,0,1,4,39002,6,404,1744233870826,1744233909828,39002,2,132,39001,4,272,66,6.733.333.333.333.330,20.655.911.179.772.800,70,66,66.0,0.0,66,66,68.0,2.309.401.076.758.500,70,0,7800.4,17.388.042.811.081.400,38905,39002,39002.0,0.0,39002,5,13.000.333.333.333.300,22.434.140.619.451.700,38905,0,0,0,0,0,0,0,0,0,0,0,0,0,0,0,0,0,0
62581,137,17,4,38905,2,184,1744233870832,1744233909737,38905,2,184,0,0,0,92,92.0,0.0,92,92,92.0,0.0,92,0,0.0,0.0,0,38905,38905.0,0.0,38905,38905,38905.0,0.0,38905,0,0.0,0.0,0,0,0,0,0,0,0,0,0,0,0,0,0,0,0,0,0,0,0
0,0,1,4,41798,9,864,1744233870910,1744233912688,41778,2,132,41585,7,732,66,96.0,28.460.498.941.515.400,120,66,66.0,0.0,66,66,10.457.142.857.142.800,26.349.301.969.610.300,120,11,5224.75,10.353.139.285.812.200,30483,41778,41778.0,0.0,41778,11,6.930.833.333.333.330,11.666.620.066.097.400,30483,0,0,0,0,0,0,0,0,0,0,0,0,0,0,0,0,0,0
0,0,1,4,39251,4,372,1744233870913,1744233870913,0,1,66,39018,3,306,66,93.0,31.176.914.536.239.700,120,66,66.0,0.0,66,66,102.0,31.176.914.536.239.700,120,233,13.083.666.666.666.600,22.255.409.552.136.600,38782,0,0.0,0.0,0,236,19509.0,2.725.613.798.761.660,38782,0,0,0,0,0,0,0,0,0,0,0,0,0,0,0,0,0,0
0,0,1,4,39962,9,864,1744233870927,1744233910886,39959,2,132,39712,7,732,66,96.0,28.460.498.941.515.400,120,66,66.0,0.0,66,66,10.457.142.857.142.800,26.349.301.969.610.300,120,3,4995.25,8.852.866.198.501.550,25257,39959,39959.0,0.0,39959,208,6.618.666.666.666.660,9.852.276.095.738.820,25257,0,0,0,0,0,0,0,0,0,0,0,0,0,0,0,0,0,0
62581,137,17,4,38609,2,184,1744233871128,1744233909737,38609,2,184,0,0,0,92,92.0,0.0,92,92,92.0,0.0,92,0,0.0,0.0,0,38609,38609.0,0.0,38609,38609,38609.0,0.0,38609,0,0.0,0.0,0,0,0,0,0,0,0,0,0,0,0,0,0,0,0,0,0,0,0
62581,137,17,4,38587,2,184,1744233871150,1744233909737,38587,2,184,0,0,0,92,92.0,0.0,92,92,92.0,0.0,92,0,0.0,0.0,0,38587,38587.0,0.0,38587,38587,38587.0,0.0,38587,0,0.0,0.0,0,0,0,0,0,0,0,0,0,0,0,0,0,0,0,0,0,0,0
62581,137,17,4,38558,2,184,1744233871179,1744233909737,38558,2,184,0,0,0,92,92.0,0.0,92,92,92.0,0.0,92,0,0.0,0.0,0,38558,38558.0,0.0,38558,38558,38558.0,0.0,38558,0,0.0,0.0,0,0,0,0,0,0,0,0,0,0,0,0,0,0,0,0,0,0,0
53186,62078,6,4,205,2,126,1744233871180,1744233871180,0,1,66,0,1,60,60,63.0,4.242.640.687.119.280,66,66,66.0,0.0,66,60,60.0,0.0,60,205,205.0,0.0,205,0,0.0,0.0,0,0,0.0,0.0,0,1,0,0,0,1,0,1,0,1,0,0,0,0,0,1,0,1,0
137,137,17,4,3002,3,276,1744233871333,1744233874335,3002,3,276,0,0,0,92,92.0,0.0,92,92,92.0,0.0,92,0,0.0,0.0,0,1501,1501.0,0.0,1501,1501,1501.0,0.0,1501,0,0.0,0.0,0,0,0,0,0,0,0,0,0,0,0,0,0,0,0,0,0,0,0
63207,5355,17,6,411,2,212,1744233871333,1744233871744,411,2,212,0,0,0,106,106.0,0.0,106,106,106.0,0.0,106,0,0.0,0.0,0,411,411.0,0.0,411,411,411.0,0.0,411,0,0.0,0.0,0,0,0,0,0,0,0,0,0,0,0,0,0,0,0,0,0,0,0
63207,5355,17,4,411,2,172,1744233871333,1744233871744,411,2,172,0,0,0,86,86.0,0.0,86,86,86.0,0.0,86,0,0.0,0.0,0,411,411.0,0.0,411,411,411.0,0.0,411,0,0.0,0.0,0,0,0,0,0,0,0,0,0,0,0,0,0,0,0,0,0,0,0
49653,123,17,4,212,2,180,1744233871697,1744233871697,0,1,90,0,1,90,90,90.0,0.0,90,90,90.0,0.0,90,90,90.0,0.0,90,212,212.0,0.0,212,0,0.0,0.0,0,0,0.0,0.0,0,0,0,0,0,0,0,0,0,0,0,0,0,0,0,0,0,0,0
0,0,1,4,37750,4,372,1744233871988,1744233871988,0,1,66,37750,3,306,66,93.0,31.176.914.536.239.700,120,66,66.0,0.0,66,66,102.0,31.176.914.536.239.700,120,0,12.583.333.333.333.300,21.789.776.716.004.500,37744,0,0.0,0.0,0,6,18875.0,2.668.479.570.841.790,37744,0,0,0,0,0,0,0,0,0,0,0,0,0,0,0,0,0,0
0,0,1,4,37749,4,372,1744233871989,1744233871989,0,1,66,37749,3,306,66,93.0,31.176.914.536.239.700,120,66,66.0,0.0,66,66,102.0,31.176.914.536.239.700,120,0,12583.0,21.788.333.414.926.400,37742,0,0.0,0.0,0,7,18874.5,2.668.267.438.807.430,37742,0,0,0,0,0,0,0,0,0,0,0,0,0,0,0,0,0,0
62581,137,17,4,37744,2,184,1744233871994,1744233909738,37744,2,184,0,0,0,92,92.0,0.0,92,92,92.0,0.0,92,0,0.0,0.0,0,37744,37744.0,0.0,37744,37744,37744.0,0.0,37744,0,0.0,0.0,0,0,0,0,0,0,0,0,0,0,0,0,0,0,0,0,0,0,0
62581,137,17,4,37743,2,184,1744233871995,1744233909738,37743,2,184,0,0,0,92,92.0,0.0,92,92,92.0,0.0,92,0,0.0,0.0,0,37743,37743.0,0.0,37743,37743,37743.0,0.0,37743,0,0.0,0.0,0,0,0,0,0,0,0,0,0,0,0,0,0,0,0,0,0,0,0
137,137,17,4,3003,3,276,1744233876258,1744233879261,3003,3,276,0,0,0,92,92.0,0.0,92,92,92.0,0.0,92,0,0.0,0.0,0,1501,1501.5,7.071.067.811.865.470,1502,1501,1501.5,7.071.067.811.865.470,1502,0,0.0,0.0,0,0,0,0,0,0,0,0,0,0,0,0,0,0,0,0,0,0,0
50599,5355,17,6,410,2,214,1744233876258,1744233876668,410,2,214,0,0,0,107,107.0,0.0,107,107,107.0,0.0,107,0,0.0,0.0,0,410,410.0,0.0,410,410,410.0,0.0,410,0,0.0,0.0,0,0,0,0,0,0,0,0,0,0,0,0,0,0,0,0,0,0,0
50599,5355,17,4,410,2,174,1744233876258,1744233876668,410,2,174,0,0,0,87,87.0,0.0,87,87,87.0,0.0,87,0,0.0,0.0,0,410,410.0,0.0,410,410,410.0,0.0,410,0,0.0,0.0,0,0,0,0,0,0,0,0,0,0,0,0,0,0,0,0,0,0,0
137,137,17,4,3002,3,276,1744233881177,1744233884179,3002,3,276,0,0,0,92,92.0,0.0,92,92,92.0,0.0,92,0,0.0,0.0,0,1501,1501.0,0.0,1501,1501,1501.0,0.0,1501,0,0.0,0.0,0,0,0,0,0,0,0,0,0,0,0,0,0,0,0,0,0,0,0
61237,5355,17,6,411,2,214,1744233881177,1744233881588,411,2,214,0,0,0,107,107.0,0.0,107,107,107.0,0.0,107,0,0.0,0.0,0,411,411.0,0.0,411,411,411.0,0.0,411,0,0.0,0.0,0,0,0,0,0,0,0,0,0,0,0,0,0,0,0,0,0,0,0
61237,5355,17,4,411,2,174,1744233881177,1744233881588,411,2,174,0,0,0,87,87.0,0.0,87,87,87.0,0.0,87,0,0.0,0.0,0,411,411.0,0.0,411,411,411.0,0.0,411,0,0.0,0.0,0,0,0,0,0,0,0,0,0,0,0,0,0,0,0,0,0,0,0
0,0,58,6,0,2,172,1744233882423,1744233882423,0,1,86,0,1,86,86,86.0,0.0,86,86,86.0,0.0,86,86,86.0,0.0,86,0,0.0,0.0,0,0,0.0,0.0,0,0,0.0,0.0,0,0,0,0,0,0,0,0,0,0,0,0,0,0,0,0,0,0,0
0,0,1,4,23805,4,372,1744233886397,1744233886397,0,1,66,23802,3,306,66,93.0,31.176.914.536.239.700,120,66,66.0,0.0,66,66,102.0,31.176.914.536.239.700,120,3,7935.0,13.555.444.072.401.300,23587,0,0.0,0.0,0,215,11901.0,1.652.649.968.989.190,23587,0,0,0,0,0,0,0,0,0,0,0,0,0,0,0,0,0,0
62581,137,17,4,23332,2,184,1744233886405,1744233909737,23332,2,184,0,0,0,92,92.0,0.0,92,92,92.0,0.0,92,0,0.0,0.0,0,23332,23332.0,0.0,23332,23332,23332.0,0.0,23332,0,0.0,0.0,0,0,0,0,0,0,0,0,0,0,0,0,0,0,0,0,0,0,0
53179,443,6,4,0,1,60,1744234177999,1744234177999,0,1,60,0,0,0,60,60.0,0.0,60,60,60.0,0.0,60,0,0.0,0.0,0,0,0.0,0.0,0,0,0.0,0.0,0,0,0.0,0.0,0,0,0,0,0,1,0,0,0,0,1,0,0,0,0,0,0,0,0
36373,1900,17,4,780,4,698,1744234180961,1744234181741,780,4,698,0,0,0,174,174.5,5.773.502.691.896.210,175,174,174.5,5.773.502.691.896.210,175,0,0.0,0.0,0,260,260.0,0.0,260,260,260.0,0.0,260,0,0.0,0.0,0,0,0,0,0,0,0,0,0,0,0,0,0,0,0,0,0,0,0
5353,5353,17,4,757,6,1615,1744234134875,1744234135632,757,6,1615,0,0,0,93,2.691.666.666.666.660,19.674.187.827.370.800,507,93,2.691.666.666.666.660,19.674.187.827.370.800,507,0,0.0,0.0,0,1,151.4,13.684.041.800.579.200,252,1,151.4,13.684.041.800.579.200,252,0,0.0,0.0,0,0,0,0,0,0,0,0,0,0,0,0,0,0,0,0,0,0,0
5353,5353,17,6,758,6,1735,1744234134875,1744234135633,758,6,1735,0,0,0,113,2.891.666.666.666.660,19.674.187.827.370.800,527,113,2.891.666.666.666.660,19.674.187.827.370.800,527,0,0.0,0.0,0,1,151.6,13.702.299.077.162.100,252,1,151.6,13.702.299.077.162.100,252,0,0.0,0.0,0,0,0,0,0,0,0,0,0,0,0,0,0,0,0,0,0,0,0
64990,53,17,6,10,2,270,1744234019542,1744234019542,0,1,103,0,1,167,103,135.0,45.254.833.995.939.000,167,103,103.0,0.0,103,167,167.0,0.0,167,10,10.0,0.0,10,0,0.0,0.0,0,0,0.0,0.0,0,0,0,0,0,0,0,0,0,0,0,0,0,0,0,0,0,0,0
51544,53,17,6,10,2,287,1744234019542,1744234019542,0,1,103,0,1,184,103,143.5,5.727.564.927.611.030,184,103,103.0,0.0,103,184,184.0,0.0,184,10,10.0,0.0,10,0,0.0,0.0,0,0,0.0,0.0,0,0,0,0,0,0,0,0,0,0,0,0,0,0,0,0,0,0,0
59939,53,17,6,6,2,312,1744234047770,1744234047770,0,1,100,0,1,212,100,156.0,7.919.595.949.289.330,212,100,100.0,0.0,100,212,212.0,0.0,212,6,6.0,0.0,6,0,0.0,0.0,0,0,0.0,0.0,0,0,0,0,0,0,0,0,0,0,0,0,0,0,0,0,0,0,0
60872,53,17,6,8,2,336,1744234047770,1744234047770,0,1,100,0,1,236,100,168.0,9.616.652.224.137.040,236,100,100.0,0.0,100,236,236.0,0.0,236,8,8.0,0.0,8,0,0.0,0.0,0,0,0.0,0.0,0,0,0,0,0,0,0,0,0,0,0,0,0,0,0,0,0,0,0
53425,53,17,6,8,2,314,1744234157152,1744234157152,0,1,111,0,1,203,111,157.0,6.505.382.386.916.230,203,111,111.0,0.0,111,203,203.0,0.0,203,8,8.0,0.0,8,0,0.0,0.0,0,0,0.0,0.0,0,0,0,0,0,0,0,0,0,0,0,0,0,0,0,0,0,0,0
53431,53,17,6,16,2,338,1744234157152,1744234157152,0,1,111,0,1,227,111,169.0,8.202.438.661.763.950,227,111,111.0,0.0,111,227,227.0,0.0,227,16,16.0,0.0,16,0,0.0,0.0,0,0,0.0,0.0,0,0,0,0,0,0,0,0,0,0,0,0,0,0,0,0,0,0,0
53221,443,6,4,159,2,120,1744234218069,1744234218069,0,1,60,0,1,60,60,60.0,0.0,60,60,60.0,0.0,60,60,60.0,0.0,60,159,159.0,0.0,159,0,0.0,0.0,0,0,0.0,0.0,0,0,0,0,0,2,0,0,0,0,1,0,0,0,0,1,0,0,0
53222,443,6,4,160,2,120,1744234222066,1744234222066,0,1,60,0,1,60,60,60.0,0.0,60,60,60.0,0.0,60,60,60.0,0.0,60,160,160.0,0.0,160,0,0.0,0.0,0,0,0.0,0.0,0,0,0,0,0,2,0,0,0,0,1,0,0,0,0,1,0,0,0
33222,80,6,4,3043,7,704,1744234045644,1744234048648,3004,4,498,3043,3,206,66,10.057.142.857.142.800,8.449.626.647.147.810,292,66,124.5,11.173.033.011.079.200,292,66,6.866.666.666.666.660,4.618.802.153.517.000,74,0,50.716.666.666.666.600,12.223.108.306.264.200,3002,1,10.013.333.333.333.300,17.326.281.578.380.600,3002,2,1521.5,2.148.897.508.025.910,3041,2,0,0,0,6,1,0,1,1,3,1,0,1,1,3,0,0,0
53293,5353,17,4,79131,18,1737,1744233974748,1744234053879,79131,18,1737,0,0,0,75,96.5,2.033.614.573.928.430,137,75,96.5,2.033.614.573.928.430,137,0,0.0,0.0,0,0,4.654.764.705.882.350,1.299.731.902.417.480,39299,0,4.654.764.705.882.350,1.299.731.902.417.480,39299,0,0.0,0.0,0,0,0,0,0,0,0,0,0,0,0,0,0,0,0,0,0,0,0
64578,53,17,6,6,2,332,1744234161156,1744234161156,0,1,109,0,1,223,109,166.0,8.061.017.305.526.640,223,109,109.0,0.0,109,223,223.0,0.0,223,6,6.0,0.0,6,0,0.0,0.0,0,0,0.0,0.0,0,0,0,0,0,0,0,0,0,0,0,0,0,0,0,0,0,0,0
55850,53,17,6,8,2,308,1744234161156,1744234161156,0,1,109,0,1,199,109,154.0,6.363.961.030.678.920,199,109,109.0,0.0,109,199,199.0,0.0,199,8,8.0,0.0,8,0,0.0,0.0,0,0,0.0,0.0,0,0,0,0,0,0,0,0,0,0,0,0,0,0,0,0,0,0,0
53179,443,6,4,0,1,60,1744234238029,1744234238029,0,1,60,0,0,0,60,60.0,0.0,60,60,60.0,0.0,60,0,0.0,0.0,0,0,0.0,0.0,0,0,0.0,0.0,0,0,0.0,0.0,0,0,0,0,0,1,0,0,0,0,1,0,0,0,0,0,0,0,0
36373,1900,17,4,781,4,698,1744234242035,1744234242816,781,4,698,0,0,0,174,174.5,5.773.502.691.896.210,175,174,174.5,5.773.502.691.896.210,175,0,0.0,0.0,0,260,2.603.333.333.333.330,577.350.269.189.634,261,260,2.603.333.333.333.330,577.350.269.189.634,261,0,0.0,0.0,0,0,0,0,0,0,0,0,0,0,0,0,0,0,0,0,0,0,0
60872,53,17,6,9,2,482,1744234259731,1744234259731,0,1,100,0,1,382,100,241.0,1.994.041.122.946.060,382,100,100.0,0.0,100,382,382.0,0.0,382,9,9.0,0.0,9,0,0.0,0.0,0,0,0.0,0.0,0,0,0,0,0,0,0,0,0,0,0,0,0,0,0,0,0,0,0
53425,53,17,6,9,2,466,1744234259790,1744234259790,0,1,94,0,1,372,94,233.0,1.965.756.851.698.600,372,94,94.0,0.0,94,372,372.0,0.0,372,9,9.0,0.0,9,0,0.0,0.0,0,0,0.0,0.0,0,0,0,0,0,0,0,0,0,0,0,0,0,0,0,0,0,0,0
53431,53,17,6,10,2,396,1744234259790,1744234259790,0,1,94,0,1,302,94,198.0,14.707.821.048.680.100,302,94,94.0,0.0,94,302,302.0,0.0,302,10,10.0,0.0,10,0,0.0,0.0,0,0,0.0,0.0,0,0,0,0,0,0,0,0,0,0,0,0,0,0,0,0,0,0,0
5353,5353,17,4,98575,23,6562,1744233973997,1744234072572,98575,23,6562,0,0,0,103,28.530.434.782.608.600,1.720.273.326.016.980,507,103,28.530.434.782.608.600,1.720.273.326.016.980,507,0,0.0,0.0,0,99,4.480.681.818.181.810,10.941.585.379.104.100,43660,99,4.480.681.818.181.810,10.941.585.379.104.100,43660,0,0.0,0.0,0,0,0,0,0,0,0,0,0,0,0,0,0,0,0,0,0,0,0
5353,5353,17,6,98576,23,7022,1744233973997,1744234072573,98576,23,7022,0,0,0,123,30.530.434.782.608.600,1.720.273.326.016.980,527,123,30.530.434.782.608.600,1.720.273.326.016.980,527,0,0.0,0.0,0,98,4.480.727.272.727.270,10.941.605.850.547.900,43660,98,4.480.727.272.727.270,10.941.605.850.547.900,43660,0,0.0,0.0,0,0,0,0,0,0,0,0,0,0,0,0,0,0,0,0,0,0,0